DateTime;NO2;O3
2022-08-01 00:00:00;15.8;41.3
2022-08-01 01:00:00;17.7;34.3
2022-08-01 02:00:00;13.5;36.5
2022-08-01 03:00:00;16.6;32.6
2022-08-01 04:00:00;14.4;33.9
2022-08-01 05:00:00;12.3;37.3
2022-08-01 06:00:00;11.4;39.6
2022-08-01 07:00:00;10.4;43.2
2022-08-01 08:00:00;12.2;41.4
2022-08-01 09:00:00;7.9;48.6
2022-08-01 10:00:00;7.9;53.3
2022-08-01 11:00:00;9.2;54.1
2022-08-01 12:00:00;12.7;54.0
2022-08-01 13:00:00;11.8;58.9
2022-08-01 14:00:00;14.5;56.7
2022-08-01 15:00:00;10.0;63.6
2022-08-01 16:00:00;9.7;63.9
2022-08-01 17:00:00;18.9;59.1
2022-08-01 18:00:00;13.5;62.5
2022-08-01 19:00:00;12.2;61.3
2022-08-01 20:00:00;11.7;59.1
2022-08-01 21:00:00;17.1;52.6
2022-08-01 22:00:00;28.2;41.8
2022-08-01 23:00:00;30.1;36.8
2022-08-02 00:00:00;33.7;32.0
2022-08-02 01:00:00;33.1;36.7
2022-08-02 02:00:00;15.4;47.5
2022-08-02 03:00:00;11.3;50.3
2022-08-02 04:00:00;8.3;51.9
2022-08-02 05:00:00;17.5;39.9
2022-08-02 06:00:00;28.5;35.8
2022-08-02 07:00:00;25.7;39.1
2022-08-02 08:00:00;31.1;37.8
2022-08-02 09:00:00;23.4;40.0
2022-08-02 10:00:00;32.3;40.8
2022-08-02 11:00:00;27.6;58.9
2022-08-02 12:00:00;21.8;71.1
2022-08-02 13:00:00;23.8;82.6
2022-08-02 14:00:00;19.4;77.3
2022-08-02 15:00:00;15.3;62.1
2022-08-02 16:00:00;10.4;47.8
2022-08-02 17:00:00;7.7;37.2
2022-08-02 18:00:00;2.9;32.0
2022-08-02 19:00:00;6.2;41.1
2022-08-02 20:00:00;8.8;34.0
2022-08-02 21:00:00;10.8;30.0
2022-08-02 22:00:00;11.0;23.0
2022-08-02 23:00:00;13.9;18.2
2022-08-03 00:00:00;14.2;14.6
2022-08-03 01:00:00;10.9;13.8
2022-08-03 02:00:00;9.5;13.7
2022-08-03 03:00:00;10.6;11.7
2022-08-03 04:00:00;14.6;7.1
2022-08-03 05:00:00;16.8;5.7
2022-08-03 06:00:00;20.2;5.2
2022-08-03 07:00:00;24.0;7.9
2022-08-03 08:00:00;23.0;10.6
2022-08-03 09:00:00;25.5;12.4
2022-08-03 10:00:00;24.0;14.9
2022-08-03 11:00:00;20.6;20.5
2022-08-03 12:00:00;25.9;24.4
2022-08-03 13:00:00;21.8;26.7
2022-08-03 14:00:00;19.7;30.8
2022-08-03 15:00:00;13.6;32.4
2022-08-03 16:00:00;13.4;42.0
2022-08-03 17:00:00;11.7;55.8
2022-08-03 18:00:00;12.0;57.1
2022-08-03 19:00:00;17.1;56.3
2022-08-03 20:00:00;21.4;46.9
2022-08-03 21:00:00;36.6;33.3
2022-08-03 22:00:00;34.5;35.9
2022-08-03 23:00:00;29.1;38.6
2022-08-04 00:00:00;28.7;41.3
2022-08-04 01:00:00;32.0;33.1
2022-08-04 02:00:00;22.3;35.8
2022-08-04 03:00:00;24.9;31.3
2022-08-04 04:00:00;24.4;30.2
2022-08-04 05:00:00;41.6;15.5
2022-08-04 06:00:00;43.6;7.8
2022-08-04 07:00:00;50.0;3.0
2022-08-04 08:00:00;41.5;14.1
2022-08-04 09:00:00;28.1;37.7
2022-08-04 10:00:00;18.4;52.5
2022-08-04 11:00:00;22.3;49.0
2022-08-04 12:00:00;26.1;49.2
2022-08-04 13:00:00;22.6;53.9
2022-08-04 14:00:00;20.5;56.3
2022-08-04 15:00:00;13.3;64.7
2022-08-04 16:00:00;8.8;64.1
2022-08-04 17:00:00;10.7;61.9
2022-08-04 18:00:00;10.7;64.1
2022-08-04 19:00:00;12.8;62.9
2022-08-04 20:00:00;13.2;67.5
2022-08-04 21:00:00;11.9;70.6
2022-08-04 22:00:00;16.3;69.8
2022-08-04 23:00:00;6.7;75.0
2022-08-05 00:00:00;6.1;65.4
2022-08-05 01:00:00;7.3;60.6
2022-08-05 02:00:00;7.4;59.4
2022-08-05 03:00:00;8.8;56.1
2022-08-05 04:00:00;14.6;48.3
2022-08-05 05:00:00;23.2;38.7
2022-08-05 06:00:00;23.6;42.0
2022-08-05 07:00:00;16.8;49.8
2022-08-05 08:00:00;11.4;55.6
2022-08-05 09:00:00;12.9;54.5
2022-08-05 10:00:00;18.5;48.6
2022-08-05 11:00:00;16.2;49.8
2022-08-05 12:00:00;15.0;53.1
2022-08-05 13:00:00;12.9;57.0
2022-08-05 14:00:00;10.0;60.1
2022-08-05 15:00:00;8.7;65.8
2022-08-05 16:00:00;8.7;62.4
2022-08-05 17:00:00;6.9;59.4
2022-08-05 18:00:00;7.8;57.7
2022-08-05 19:00:00;9.3;53.7
2022-08-05 20:00:00;13.2;47.7
2022-08-05 21:00:00;18.6;39.7
2022-08-05 22:00:00;23.1;36.1
2022-08-05 23:00:00;16.7;42.7
2022-08-06 00:00:00;21.7;40.3
2022-08-06 01:00:00;32.6;30.3
2022-08-06 02:00:00;27.4;28.4
2022-08-06 03:00:00;32.4;20.1
2022-08-06 04:00:00;37.5;15.8
2022-08-06 05:00:00;36.5;21.5
2022-08-06 06:00:00;21.9;45.0
2022-08-06 07:00:00;10.4;56.1
2022-08-06 08:00:00;9.1;60.3
2022-08-06 09:00:00;8.5;61.5
2022-08-06 10:00:00;9.8;62.7
2022-08-06 11:00:00;8.0;65.2
2022-08-06 12:00:00;8.9;67.4
2022-08-06 13:00:00;13.2;63.9
2022-08-06 14:00:00;14.8;62.4
2022-08-06 15:00:00;16.4;63.3
2022-08-06 16:00:00;20.7;60.5
2022-08-06 17:00:00;11.5;70.4
2022-08-06 18:00:00;8.8;73.9
2022-08-06 19:00:00;11.2;69.5
2022-08-06 20:00:00;13.7;66.3
2022-08-06 21:00:00;13.7;63.5
2022-08-06 22:00:00;23.5;53.1
2022-08-06 23:00:00;12.0;61.8
2022-08-07 00:00:00;12.5;62.2
2022-08-07 01:00:00;22.2;51.9
2022-08-07 02:00:00;21.1;50.8
2022-08-07 03:00:00;20.1;48.8
2022-08-07 04:00:00;20.0;47.8
2022-08-07 05:00:00;23.7;40.7
2022-08-07 06:00:00;23.0;46.5
2022-08-07 07:00:00;16.9;54.2
2022-08-07 08:00:00;21.4;45.7
2022-08-07 09:00:00;27.7;43.4
2022-08-07 10:00:00;25.3;50.0
2022-08-07 11:00:00;17.6;54.5
2022-08-07 12:00:00;9.6;66.8
2022-08-07 13:00:00;7.0;69.7
2022-08-07 14:00:00;7.7;73.4
2022-08-07 15:00:00;6.8;76.7
2022-08-07 16:00:00;6.6;81.1
2022-08-07 17:00:00;7.2;84.5
2022-08-07 18:00:00;8.2;85.8
2022-08-07 19:00:00;9.5;85.9
2022-08-07 20:00:00;19.8;65.7
2022-08-07 21:00:00;19.7;56.2
2022-08-07 22:00:00;11.5;56.7
2022-08-07 23:00:00;20.5;47.6
2022-08-08 00:00:00;14.9;52.2
2022-08-08 01:00:00;13.6;55.4
2022-08-08 02:00:00;12.0;53.3
2022-08-08 03:00:00;10.6;52.4
2022-08-08 04:00:00;13.5;50.7
2022-08-08 05:00:00;13.8;50.5
2022-08-08 06:00:00;34.0;31.6
2022-08-08 07:00:00;37.6;34.1
2022-08-08 08:00:00;37.6;42.4
2022-08-08 09:00:00;13.8;53.8
2022-08-08 10:00:00;10.4;55.6
2022-08-08 11:00:00;11.2;59.9
2022-08-08 12:00:00;15.9;57.3
2022-08-08 13:00:00;12.4;61.1
2022-08-08 14:00:00;13.0;58.9
2022-08-08 15:00:00;10.5;63.1
2022-08-08 16:00:00;11.3;63.6
2022-08-08 17:00:00;8.1;61.5
2022-08-08 18:00:00;5.3;59.1
2022-08-08 19:00:00;7.0;57.3
2022-08-08 20:00:00;12.2;47.5
2022-08-08 21:00:00;12.8;39.4
2022-08-08 22:00:00;13.6;35.9
2022-08-08 23:00:00;6.9;39.9
2022-08-09 00:00:00;4.8;41.4
2022-08-09 01:00:00;4.4;39.7
2022-08-09 02:00:00;4.6;37.0
2022-08-09 03:00:00;8.9;32.3
2022-08-09 04:00:00;8.7;33.6
2022-08-09 05:00:00;11.3;28.3
2022-08-09 06:00:00;21.9;18.9
2022-08-09 07:00:00;18.5;31.4
2022-08-09 08:00:00;12.8;41.7
2022-08-09 09:00:00;9.5;47.8
2022-08-09 10:00:00;9.9;49.1
2022-08-09 11:00:00;8.8;50.7
2022-08-09 12:00:00;7.1;54.4
2022-08-09 13:00:00;10.1;55.5
2022-08-09 14:00:00;7.4;59.1
2022-08-09 15:00:00;7.2;62.3
2022-08-09 16:00:00;6.6;64.4
2022-08-09 17:00:00;5.0;65.5
2022-08-09 18:00:00;6.0;62.2
2022-08-09 19:00:00;6.1;56.6
2022-08-09 20:00:00;6.3;53.3
2022-08-09 21:00:00;6.1;49.0
2022-08-09 22:00:00;6.2;48.1
2022-08-09 23:00:00;8.3;45.3
2022-08-10 00:00:00;7.0;49.0
2022-08-10 01:00:00;9.2;43.4
2022-08-10 02:00:00;7.1;44.5
2022-08-10 03:00:00;6.8;42.2
2022-08-10 04:00:00;10.6;37.3
2022-08-10 05:00:00;10.8;37.0
2022-08-10 06:00:00;15.2;33.5
2022-08-10 07:00:00;13.9;35.6
2022-08-10 08:00:00;12.6;40.4
2022-08-10 09:00:00;10.7;48.5
2022-08-10 10:00:00;11.5;55.7
2022-08-10 11:00:00;14.2;64.8
2022-08-10 12:00:00;9.4;77.7
2022-08-10 13:00:00;8.8;87.2
2022-08-10 14:00:00;9.9;92.6
2022-08-10 15:00:00;8.4;96.0
2022-08-10 16:00:00;9.2;97.1
2022-08-10 17:00:00;8.5;98.0
2022-08-10 18:00:00;7.3;97.1
2022-08-10 19:00:00;11.4;89.1
2022-08-10 20:00:00;9.0;78.5
2022-08-10 21:00:00;8.8;69.0
2022-08-10 22:00:00;9.7;61.4
2022-08-10 23:00:00;9.2;56.8
2022-08-11 00:00:00;9.9;54.7
2022-08-11 01:00:00;8.6;59.9
2022-08-11 02:00:00;9.0;60.0
2022-08-11 03:00:00;9.3;58.5
2022-08-11 04:00:00;14.9;49.7
2022-08-11 05:00:00;14.4;45.4
2022-08-11 06:00:00;22.7;38.8
2022-08-11 07:00:00;26.0;40.6
2022-08-11 08:00:00;18.8;55.0
2022-08-11 09:00:00;20.1;62.9
2022-08-11 10:00:00;22.9;72.9
2022-08-11 11:00:00;24.6;77.4
2022-08-11 12:00:00;22.3;96.1
2022-08-11 13:00:00;16.5;108.2
2022-08-11 14:00:00;14.4;113.6
2022-08-11 15:00:00;8.8;114.2
2022-08-11 16:00:00;8.9;111.4
2022-08-11 17:00:00;7.3;112.5
2022-08-11 18:00:00;8.2;110.5
2022-08-11 19:00:00;9.7;105.3
2022-08-11 20:00:00;8.2;96.3
2022-08-11 21:00:00;11.8;87.1
2022-08-11 22:00:00;16.3;78.9
2022-08-11 23:00:00;11.9;80.5
2022-08-12 00:00:00;13.8;75.2
2022-08-12 01:00:00;13.1;70.6
2022-08-12 02:00:00;9.2;72.8
2022-08-12 03:00:00;7.3;70.3
2022-08-12 04:00:00;10.2;67.1
2022-08-12 05:00:00;14.3;57.7
2022-08-12 06:00:00;26.0;44.7
2022-08-12 07:00:00;32.7;49.7
2022-08-12 08:00:00;22.2;58.1
2022-08-12 09:00:00;22.2;64.5
2022-08-12 10:00:00;23.1;73.2
2022-08-12 11:00:00;27.6;85.0
2022-08-12 12:00:00;27.0;110.4
2022-08-12 13:00:00;14.6;132.9
2022-08-12 14:00:00;16.2;130.0
2022-08-12 15:00:00;14.9;124.6
2022-08-12 16:00:00;9.6;125.4
2022-08-12 17:00:00;9.8;126.4
2022-08-12 18:00:00;8.7;123.5
2022-08-12 19:00:00;9.2;118.4
2022-08-12 20:00:00;8.1;110.2
2022-08-12 21:00:00;10.1;100.0
2022-08-12 22:00:00;16.1;93.8
2022-08-12 23:00:00;19.8;85.8
2022-08-13 00:00:00;19.0;75.5
2022-08-13 01:00:00;18.9;71.2
2022-08-13 02:00:00;16.2;76.4
2022-08-13 03:00:00;29.3;62.5
2022-08-13 04:00:00;50.5;42.4
2022-08-13 05:00:00;31.5;54.3
2022-08-13 06:00:00;35.8;50.4
2022-08-13 07:00:00;42.1;47.0
2022-08-13 08:00:00;38.8;53.5
2022-08-13 09:00:00;40.8;64.0
2022-08-13 10:00:00;29.3;85.9
2022-08-13 11:00:00;22.4;103.1
2022-08-13 12:00:00;20.6;108.1
2022-08-13 13:00:00;22.3;113.2
2022-08-13 14:00:00;29.8;112.6
2022-08-13 15:00:00;22.1;121.5
2022-08-13 16:00:00;24.0;116.6
2022-08-13 17:00:00;24.8;114.7
2022-08-13 18:00:00;16.5;113.4
2022-08-13 19:00:00;13.1;103.1
2022-08-13 20:00:00;31.9;81.2
2022-08-13 21:00:00;39.1;70.4
2022-08-13 22:00:00;42.4;64.3
2022-08-13 23:00:00;27.4;68.0
2022-08-14 00:00:00;19.6;74.1
2022-08-14 01:00:00;17.4;77.6
2022-08-14 02:00:00;18.0;80.9
2022-08-14 03:00:00;18.9;72.5
2022-08-14 04:00:00;17.7;72.5
2022-08-14 05:00:00;21.2;65.7
2022-08-14 06:00:00;20.8;66.0
2022-08-14 07:00:00;24.8;64.9
2022-08-14 08:00:00;25.9;68.6
2022-08-14 09:00:00;27.7;80.1
2022-08-14 10:00:00;28.3;94.8
2022-08-14 11:00:00;31.2;108.5
2022-08-14 12:00:00;27.0;117.2
2022-08-14 13:00:00;24.8;121.8
2022-08-14 14:00:00;23.5;124.8
2022-08-14 15:00:00;16.3;127.7
2022-08-14 16:00:00;10.9;125.4
2022-08-14 17:00:00;10.3;116.1
2022-08-14 18:00:00;10.0;112.5
2022-08-14 19:00:00;10.9;107.9
2022-08-14 20:00:00;10.9;101.0
2022-08-14 21:00:00;11.8;99.5
2022-08-14 22:00:00;14.9;91.3
2022-08-14 23:00:00;19.2;82.2
2022-08-15 00:00:00;18.0;75.5
2022-08-15 01:00:00;20.3;66.9
2022-08-15 02:00:00;10.4;69.8
2022-08-15 03:00:00;17.0;60.7
2022-08-15 04:00:00;23.8;52.3
2022-08-15 05:00:00;31.3;45.7
2022-08-15 06:00:00;44.8;50.8
2022-08-15 07:00:00;52.2;63.6
2022-08-15 08:00:00;35.2;81.3
2022-08-15 09:00:00;34.9;89.1
2022-08-15 10:00:00;40.7;86.4
2022-08-15 11:00:00;35.6;95.8
2022-08-15 12:00:00;36.7;87.6
2022-08-15 13:00:00;30.4;94.0
2022-08-15 14:00:00;20.8;107.7
2022-08-15 15:00:00;17.7;112.6
2022-08-15 16:00:00;16.0;115.3
2022-08-15 17:00:00;23.7;109.8
2022-08-15 18:00:00;30.7;105.0
2022-08-15 19:00:00;32.5;99.7
2022-08-15 20:00:00;22.0;98.4
2022-08-15 21:00:00;33.4;81.5
2022-08-15 22:00:00;30.3;77.6
2022-08-15 23:00:00;15.1;92.7
2022-08-16 00:00:00;14.3;87.9
2022-08-16 01:00:00;14.5;78.5
2022-08-16 02:00:00;12.6;74.2
2022-08-16 03:00:00;14.5;60.8
2022-08-16 04:00:00;20.1;52.1
2022-08-16 05:00:00;27.9;39.7
2022-08-16 06:00:00;35.1;34.7
2022-08-16 07:00:00;37.0;48.5
2022-08-16 08:00:00;26.6;66.0
2022-08-16 09:00:00;25.2;76.4
2022-08-16 10:00:00;28.9;86.5
2022-08-16 11:00:00;20.4;110.0
2022-08-16 12:00:00;21.3;123.2
2022-08-16 13:00:00;22.2;127.5
2022-08-16 14:00:00;26.0;117.4
2022-08-16 15:00:00;24.8;122.2
2022-08-16 16:00:00;34.4;108.7
2022-08-16 17:00:00;28.6;115.4
2022-08-16 18:00:00;28.1;119.0
2022-08-16 19:00:00;34.5;103.8
2022-08-16 20:00:00;42.5;87.3
2022-08-16 21:00:00;23.5;87.2
2022-08-16 22:00:00;17.6;87.2
2022-08-16 23:00:00;20.1;73.6
2022-08-17 00:00:00;16.9;81.0
2022-08-17 01:00:00;10.9;98.3
2022-08-17 02:00:00;5.4;101.0
2022-08-17 03:00:00;6.4;101.9
2022-08-17 04:00:00;8.6;91.7
2022-08-17 05:00:00;30.1;70.6
2022-08-17 06:00:00;14.4;91.8
2022-08-17 07:00:00;28.4;74.7
2022-08-17 08:00:00;24.6;92.0
2022-08-17 09:00:00;21.8;81.1
2022-08-17 10:00:00;19.8;74.4
2022-08-17 11:00:00;19.9;87.4
2022-08-17 12:00:00;26.0;79.0
2022-08-17 13:00:00;22.0;88.8
2022-08-17 14:00:00;16.4;98.4
2022-08-17 15:00:00;16.1;89.6
2022-08-17 16:00:00;19.4;80.4
2022-08-17 17:00:00;21.9;72.8
2022-08-17 18:00:00;15.5;73.6
2022-08-17 19:00:00;10.8;76.1
2022-08-17 20:00:00;10.6;70.2
2022-08-17 21:00:00;16.2;67.5
2022-08-17 22:00:00;11.9;77.8
2022-08-17 23:00:00;22.4;67.2
2022-08-18 00:00:00;14.5;72.0
2022-08-18 01:00:00;22.5;61.5
2022-08-18 02:00:00;16.9;70.7
2022-08-18 03:00:00;14.9;67.8
2022-08-18 04:00:00;33.9;53.1
2022-08-18 05:00:00;43.4;43.5
2022-08-18 06:00:00;40.6;56.2
2022-08-18 07:00:00;28.2;63.2
2022-08-18 08:00:00;17.7;79.2
2022-08-18 09:00:00;21.1;78.8
2022-08-18 10:00:00;11.7;89.7
2022-08-18 11:00:00;8.9;81.2
2022-08-18 12:00:00;11.0;80.3
2022-08-18 13:00:00;12.1;80.7
2022-08-18 14:00:00;15.6;79.8
2022-08-18 15:00:00;17.3;77.9
2022-08-18 16:00:00;21.3;73.6
2022-08-18 17:00:00;11.5;83.9
2022-08-18 18:00:00;10.6;84.8
2022-08-18 19:00:00;14.8;80.3
2022-08-18 20:00:00;21.0;68.5
2022-08-18 21:00:00;24.8;60.3
2022-08-18 22:00:00;14.2;63.8
2022-08-18 23:00:00;17.5;59.8
2022-08-19 00:00:00;24.8;42.0
2022-08-19 01:00:00;33.3;34.1
2022-08-19 02:00:00;20.4;41.2
2022-08-19 03:00:00;18.7;41.5
2022-08-19 04:00:00;29.8;31.5
2022-08-19 05:00:00;31.0;31.5
2022-08-19 06:00:00;42.7;24.5
2022-08-19 07:00:00;44.3;22.6
2022-08-19 08:00:00;35.2;28.6
2022-08-19 09:00:00;29.0;42.8
2022-08-19 10:00:00;24.8;57.2
2022-08-19 11:00:00;23.7;54.5
2022-08-19 12:00:00;23.8;49.6
2022-08-19 13:00:00;16.4;51.0
2022-08-19 14:00:00;16.0;50.8
2022-08-19 15:00:00;8.2;53.9
2022-08-19 16:00:00;7.6;50.2
2022-08-19 17:00:00;10.6;45.1
2022-08-19 18:00:00;8.3;44.2
2022-08-19 19:00:00;10.9;44.4
2022-08-19 20:00:00;13.2;43.8
2022-08-19 21:00:00;24.4;35.5
2022-08-19 22:00:00;22.1;38.0
2022-08-19 23:00:00;11.4;43.2
2022-08-20 00:00:00;8.0;45.7
2022-08-20 01:00:00;6.6;51.3
2022-08-20 02:00:00;8.7;52.3
2022-08-20 03:00:00;16.8;52.4
2022-08-20 04:00:00;14.8;55.7
2022-08-20 05:00:00;22.5;46.3
2022-08-20 06:00:00;34.7;37.0
2022-08-20 07:00:00;26.7;48.4
2022-08-20 08:00:00;23.8;59.0
2022-08-20 09:00:00;27.4;53.5
2022-08-20 10:00:00;12.3;72.8
2022-08-20 11:00:00;12.6;75.3
2022-08-20 12:00:00;10.6;77.2
2022-08-20 13:00:00;15.3;78.8
2022-08-20 14:00:00;20.1;78.4
2022-08-20 15:00:00;8.8;78.0
2022-08-20 16:00:00;8.4;73.1
2022-08-20 17:00:00;9.3;70.3
2022-08-20 18:00:00;7.5;63.9
2022-08-20 19:00:00;12.1;62.8
2022-08-20 20:00:00;14.6;60.4
2022-08-20 21:00:00;26.6;51.3
2022-08-20 22:00:00;47.1;31.6
2022-08-20 23:00:00;32.6;41.2
2022-08-21 00:00:00;29.9;40.2
2022-08-21 01:00:00;24.6;35.2
2022-08-21 02:00:00;27.6;28.4
2022-08-21 03:00:00;30.8;24.9
2022-08-21 04:00:00;25.2;26.3
2022-08-21 05:00:00;23.1;24.4
2022-08-21 06:00:00;17.7;27.0
2022-08-21 07:00:00;18.2;29.0
2022-08-21 08:00:00;20.8;30.9
2022-08-21 09:00:00;20.7;35.0
2022-08-21 10:00:00;16.4;39.5
2022-08-21 11:00:00;10.6;57.0
2022-08-21 12:00:00;9.0;63.7
2022-08-21 13:00:00;10.7;64.6
2022-08-21 14:00:00;10.4;71.3
2022-08-21 15:00:00;13.0;74.0
2022-08-21 16:00:00;10.0;73.2
2022-08-21 17:00:00;10.8;70.1
2022-08-21 18:00:00;17.3;61.0
2022-08-21 19:00:00;23.3;53.3
2022-08-21 20:00:00;19.3;53.8
2022-08-21 21:00:00;11.9;57.4
2022-08-21 22:00:00;9.8;58.0
2022-08-21 23:00:00;10.3;56.2
2022-08-22 00:00:00;14.2;48.2
2022-08-22 01:00:00;12.2;48.3
2022-08-22 02:00:00;10.9;46.0
2022-08-22 03:00:00;8.8;44.9
2022-08-22 04:00:00;14.5;41.0
2022-08-22 05:00:00;22.9;40.2
2022-08-22 06:00:00;37.4;27.4
2022-08-22 07:00:00;37.9;27.9
2022-08-22 08:00:00;30.2;38.0
2022-08-22 09:00:00;28.3;45.0
2022-08-22 10:00:00;33.3;54.1
2022-08-22 11:00:00;21.5;67.0
2022-08-22 12:00:00;26.2;72.5
2022-08-22 13:00:00;24.2;81.9
2022-08-22 14:00:00;32.3;78.0
2022-08-22 15:00:00;32.7;84.2
2022-08-22 16:00:00;28.7;84.4
2022-08-22 17:00:00;21.6;84.5
2022-08-22 18:00:00;15.9;83.8
2022-08-22 19:00:00;15.5;79.9
2022-08-22 20:00:00;21.3;72.0
2022-08-22 21:00:00;23.0;71.8
2022-08-22 22:00:00;19.1;73.2
2022-08-22 23:00:00;26.3;65.4
2022-08-23 00:00:00;26.4;64.2
2022-08-23 01:00:00;19.9;65.0
2022-08-23 02:00:00;32.9;52.2
2022-08-23 03:00:00;18.4;63.2
2022-08-23 04:00:00;25.0;49.0
2022-08-23 05:00:00;26.9;42.2
2022-08-23 06:00:00;43.6;28.9
2022-08-23 07:00:00;58.9;27.2
2022-08-23 08:00:00;53.0;41.5
2022-08-23 09:00:00;35.7;51.0
2022-08-23 10:00:00;43.2;51.3
2022-08-23 11:00:00;32.9;62.2
2022-08-23 12:00:00;25.6;70.2
2022-08-23 13:00:00;27.1;70.7
2022-08-23 14:00:00;33.1;60.2
2022-08-23 15:00:00;24.1;83.6
2022-08-23 16:00:00;20.0;89.7
2022-08-23 17:00:00;29.8;80.5
2022-08-23 18:00:00;16.8;84.7
2022-08-23 19:00:00;24.9;59.6
2022-08-23 20:00:00;25.1;46.2
2022-08-23 21:00:00;22.0;44.9
2022-08-23 22:00:00;21.0;42.7
2022-08-23 23:00:00;13.4;42.8
2022-08-24 00:00:00;24.1;30.6
2022-08-24 01:00:00;26.3;30.0
2022-08-24 02:00:00;18.8;35.3
2022-08-24 03:00:00;18.5;35.3
2022-08-24 04:00:00;22.3;24.0
2022-08-24 05:00:00;25.3;26.8
2022-08-24 06:00:00;32.7;38.3
2022-08-24 07:00:00;33.6;43.3
2022-08-24 08:00:00;21.9;33.7
2022-08-24 09:00:00;22.9;39.9
2022-08-24 10:00:00;23.9;43.4
2022-08-24 11:00:00;27.0;48.9
2022-08-24 12:00:00;26.9;55.1
2022-08-24 13:00:00;34.7;51.1
2022-08-24 14:00:00;51.6;42.8
2022-08-24 15:00:00;43.4;49.6
2022-08-24 16:00:00;36.9;40.5
2022-08-24 17:00:00;26.3;49.2
2022-08-24 18:00:00;14.5;80.7
2022-08-24 19:00:00;14.2;64.3
2022-08-24 20:00:00;14.8;41.7
2022-08-24 21:00:00;12.6;45.5
2022-08-24 22:00:00;9.1;57.1
2022-08-24 23:00:00;10.8;69.8
2022-08-25 00:00:00;9.9;76.0
2022-08-25 01:00:00;8.5;74.5
2022-08-25 02:00:00;5.9;75.5
2022-08-25 03:00:00;10.1;69.9
2022-08-25 04:00:00;22.9;55.6
2022-08-25 05:00:00;38.5;41.8
2022-08-25 06:00:00;62.2;29.4
2022-08-25 07:00:00;65.7;28.5
2022-08-25 08:00:00;70.5;34.2
2022-08-25 09:00:00;73.9;34.9
2022-08-25 10:00:00;74.3;57.6
2022-08-25 11:00:00;56.9;89.4
2022-08-25 12:00:00;44.0;107.3
2022-08-25 13:00:00;45.9;112.6
2022-08-25 14:00:00;76.9;104.8
2022-08-25 15:00:00;43.7;147.0
2022-08-25 16:00:00;36.1;150.1
2022-08-25 17:00:00;68.8;78.3
2022-08-25 18:00:00;46.1;94.4
2022-08-25 19:00:00;23.9;93.3
2022-08-25 20:00:00;21.6;80.8
2022-08-25 21:00:00;16.6;77.1
2022-08-25 22:00:00;7.8;74.3
2022-08-25 23:00:00;8.3;72.7
2022-08-26 00:00:00;6.8;71.5
2022-08-26 01:00:00;8.1;68.9
2022-08-26 02:00:00;8.2;69.3
2022-08-26 03:00:00;8.8;66.8
2022-08-26 04:00:00;4.8;66.1
2022-08-26 05:00:00;13.3;55.4
2022-08-26 06:00:00;15.9;49.6
2022-08-26 07:00:00;14.3;53.3
2022-08-26 08:00:00;11.7;56.8
2022-08-26 09:00:00;10.8;57.4
2022-08-26 10:00:00;14.3;53.4
2022-08-26 11:00:00;14.8;54.6
2022-08-26 12:00:00;13.6;57.9
2022-08-26 13:00:00;11.2;57.1
2022-08-26 14:00:00;14.5;51.1
2022-08-26 15:00:00;15.1;52.9
2022-08-26 16:00:00;9.0;55.7
2022-08-26 17:00:00;13.8;54.4
2022-08-26 18:00:00;10.3;62.1
2022-08-26 19:00:00;11.8;54.5
2022-08-26 20:00:00;17.2;45.6
2022-08-26 21:00:00;16.6;45.2
2022-08-26 22:00:00;18.8;44.5
2022-08-26 23:00:00;15.6;44.9
2022-08-27 00:00:00;11.1;47.4
2022-08-27 01:00:00;15.0;43.6
2022-08-27 02:00:00;13.5;44.0
2022-08-27 03:00:00;10.9;43.1
2022-08-27 04:00:00;21.8;37.2
2022-08-27 05:00:00;9.3;47.8
2022-08-27 06:00:00;8.1;48.3
2022-08-27 07:00:00;10.9;48.2
2022-08-27 08:00:00;13.0;46.9
2022-08-27 09:00:00;11.5;45.8
2022-08-27 10:00:00;8.5;52.2
2022-08-27 11:00:00;7.5;56.0
2022-08-27 12:00:00;9.9;56.7
2022-08-27 13:00:00;8.0;59.6
2022-08-27 14:00:00;8.8;61.8
2022-08-27 15:00:00;4.3;64.6
2022-08-27 16:00:00;6.0;62.2
2022-08-27 17:00:00;4.9;66.6
2022-08-27 18:00:00;3.8;65.7
2022-08-27 19:00:00;6.2;64.7
2022-08-27 20:00:00;12.2;58.5
2022-08-27 21:00:00;11.1;56.2
2022-08-27 22:00:00;9.2;54.5
2022-08-27 23:00:00;8.7;51.7
2022-08-28 00:00:00;10.3;48.6
2022-08-28 01:00:00;8.3;49.2
2022-08-28 02:00:00;7.5;47.5
2022-08-28 03:00:00;7.7;46.5
2022-08-28 04:00:00;18.7;39.9
2022-08-28 05:00:00;7.9;48.3
2022-08-28 06:00:00;3.5;51.1
2022-08-28 07:00:00;5.0;50.8
2022-08-28 08:00:00;5.8;51.5
2022-08-28 09:00:00;5.1;56.3
2022-08-28 10:00:00;5.6;60.2
2022-08-28 11:00:00;3.4;65.8
2022-08-28 12:00:00;4.0;64.2
2022-08-28 13:00:00;5.0;66.0
2022-08-28 14:00:00;8.7;65.1
2022-08-28 15:00:00;2.0;69.4
2022-08-28 16:00:00;4.7;67.5
2022-08-28 17:00:00;4.8;65.7
2022-08-28 18:00:00;7.5;58.4
2022-08-28 19:00:00;6.7;56.9
2022-08-28 20:00:00;5.7;56.0
2022-08-28 21:00:00;6.9;53.7
2022-08-28 22:00:00;8.0;56.2
2022-08-28 23:00:00;7.0;58.1
2022-08-29 00:00:00;11.1;55.6
2022-08-29 01:00:00;7.9;62.0
2022-08-29 02:00:00;4.6;66.3
2022-08-29 03:00:00;5.4;58.6
2022-08-29 04:00:00;9.0;51.0
2022-08-29 05:00:00;19.6;43.1
2022-08-29 06:00:00;42.8;25.9
2022-08-29 07:00:00;32.0;41.7
2022-08-29 08:00:00;18.9;50.5
2022-08-29 09:00:00;18.9;49.6
2022-08-29 10:00:00;20.4;44.1
2022-08-29 11:00:00;17.2;51.8
2022-08-29 12:00:00;28.8;53.1
2022-08-29 13:00:00;21.8;62.9
2022-08-29 14:00:00;23.0;65.6
2022-08-29 15:00:00;14.0;71.4
2022-08-29 16:00:00;10.3;75.1
2022-08-29 17:00:00;9.3;70.3
2022-08-29 18:00:00;8.2;66.3
2022-08-29 19:00:00;9.9;58.2
2022-08-29 20:00:00;10.3;53.3
2022-08-29 21:00:00;6.5;53.6
2022-08-29 22:00:00;7.1;52.2
2022-08-29 23:00:00;6.4;52.5
2022-08-30 00:00:00;5.6;51.0
2022-08-30 01:00:00;5.9;51.4
2022-08-30 02:00:00;6.0;53.0
2022-08-30 03:00:00;5.9;51.4
2022-08-30 04:00:00;7.5;45.2
2022-08-30 05:00:00;16.9;35.8
2022-08-30 06:00:00;22.8;31.5
2022-08-30 07:00:00;23.6;34.5
2022-08-30 08:00:00;17.4;42.6
2022-08-30 09:00:00;14.1;50.1
2022-08-30 10:00:00;15.6;53.2
2022-08-30 11:00:00;11.1;59.6
2022-08-30 12:00:00;14.1;62.0
2022-08-30 13:00:00;10.3;69.5
2022-08-30 14:00:00;7.9;72.7
2022-08-30 15:00:00;9.8;72.1
2022-08-30 16:00:00;9.3;74.0
2022-08-30 17:00:00;9.7;76.1
2022-08-30 18:00:00;7.9;73.0
2022-08-30 19:00:00;8.3;68.5
2022-08-30 20:00:00;8.0;64.0
2022-08-30 21:00:00;6.0;64.3
2022-08-30 22:00:00;6.2;61.2
2022-08-30 23:00:00;5.8;59.8
2022-08-31 00:00:00;5.4;58.6
2022-08-31 01:00:00;6.6;54.1
2022-08-31 02:00:00;6.7;53.5
2022-08-31 03:00:00;7.1;51.4
2022-08-31 04:00:00;7.8;51.6
2022-08-31 05:00:00;10.7;46.6
2022-08-31 06:00:00;18.9;38.8
2022-08-31 07:00:00;17.0;41.8
2022-08-31 08:00:00;11.5;47.3
2022-08-31 09:00:00;10.5;51.6
2022-08-31 10:00:00;11.3;56.3
2022-08-31 11:00:00;9.8;62.2
2022-08-31 12:00:00;11.8;65.8
2022-08-31 13:00:00;12.3;69.9
2022-08-31 14:00:00;10.0;76.2
2022-08-31 15:00:00;19.2;73.5
2022-08-31 16:00:00;8.3;81.6
2022-08-31 17:00:00;11.1;80.7
2022-08-31 18:00:00;8.2;74.9
2022-08-31 19:00:00;7.1;70.4
2022-08-31 20:00:00;7.6;69.9
2022-08-31 21:00:00;6.1;65.3
2022-08-31 22:00:00;8.5;59.8
2022-08-31 23:00:00;5.7;59.4
2022-09-01 00:00:00;6.9;56.2
2022-09-01 01:00:00;8.4;52.3
2022-09-01 02:00:00;7.8;49.9
2022-09-01 03:00:00;14.4;43.1
2022-09-01 04:00:00;10.5;43.5
2022-09-01 05:00:00;15.4;35.2
2022-09-01 06:00:00;32.5;24.9
2022-09-01 07:00:00;31.0;23.9
2022-09-01 08:00:00;29.5;28.8
2022-09-01 09:00:00;25.6;40.9
2022-09-01 10:00:00;23.7;49.8
2022-09-01 11:00:00;18.5;66.7
2022-09-01 12:00:00;15.3;74.3
2022-09-01 13:00:00;17.1;73.7
2022-09-01 14:00:00;16.0;77.4
2022-09-01 15:00:00;17.2;77.1
2022-09-01 16:00:00;9.9;86.1
2022-09-01 17:00:00;12.5;84.9
2022-09-01 18:00:00;13.4;79.9
2022-09-01 19:00:00;13.9;75.8
2022-09-01 20:00:00;13.6;71.8
2022-09-01 21:00:00;17.3;66.1
2022-09-01 22:00:00;16.5;63.1
2022-09-01 23:00:00;16.2;60.4
2022-09-02 00:00:00;12.2;59.1
2022-09-02 01:00:00;10.2;56.5
2022-09-02 02:00:00;12.6;50.9
2022-09-02 03:00:00;12.0;46.6
2022-09-02 04:00:00;15.2;43.6
2022-09-02 05:00:00;20.4;39.2
2022-09-02 06:00:00;38.0;27.3
2022-09-02 07:00:00;33.1;34.4
2022-09-02 08:00:00;30.6;40.4
2022-09-02 09:00:00;35.0;39.5
2022-09-02 10:00:00;34.0;46.8
2022-09-02 11:00:00;29.5;53.8
2022-09-02 12:00:00;30.8;66.3
2022-09-02 13:00:00;29.6;81.3
2022-09-02 14:00:00;27.0;90.0
2022-09-02 15:00:00;36.0;79.4
2022-09-02 16:00:00;28.8;88.1
2022-09-02 17:00:00;26.5;84.0
2022-09-02 18:00:00;33.3;76.5
2022-09-02 19:00:00;29.1;74.9
2022-09-02 20:00:00;25.0;68.9
2022-09-02 21:00:00;24.4;66.8
2022-09-02 22:00:00;20.5;70.5
2022-09-02 23:00:00;24.7;70.1
2022-09-03 00:00:00;20.8;68.7
2022-09-03 01:00:00;20.3;65.6
2022-09-03 02:00:00;13.3;67.8
2022-09-03 03:00:00;17.7;60.0
2022-09-03 04:00:00;15.9;60.3
2022-09-03 05:00:00;22.3;54.9
2022-09-03 06:00:00;24.2;51.1
2022-09-03 07:00:00;27.4;48.7
2022-09-03 08:00:00;27.8;49.0
2022-09-03 09:00:00;31.2;49.4
2022-09-03 10:00:00;27.4;56.8
2022-09-03 11:00:00;22.3;74.2
2022-09-03 12:00:00;23.2;88.0
2022-09-03 13:00:00;24.2;98.3
2022-09-03 14:00:00;22.6;103.1
2022-09-03 15:00:00;27.8;103.4
2022-09-03 16:00:00;21.0;107.9
2022-09-03 17:00:00;12.2;106.2
2022-09-03 18:00:00;18.5;99.2
2022-09-03 19:00:00;20.1;90.4
2022-09-03 20:00:00;32.3;75.5
2022-09-03 21:00:00;22.8;77.5
2022-09-03 22:00:00;25.9;69.1
2022-09-03 23:00:00;33.6;58.4
2022-09-04 00:00:00;54.6;41.4
2022-09-04 01:00:00;61.5;39.4
2022-09-04 02:00:00;47.6;50.4
2022-09-04 03:00:00;52.6;38.4
2022-09-04 04:00:00;51.8;34.4
2022-09-04 05:00:00;48.8;25.6
2022-09-04 06:00:00;59.1;13.4
2022-09-04 07:00:00;59.8;11.1
2022-09-04 08:00:00;48.1;19.9
2022-09-04 09:00:00;54.9;24.9
2022-09-04 10:00:00;39.6;49.9
2022-09-04 11:00:00;28.7;72.1
2022-09-04 12:00:00;21.9;87.5
2022-09-04 13:00:00;22.9;94.2
2022-09-04 14:00:00;26.2;89.1
2022-09-04 15:00:00;30.2;95.5
2022-09-04 16:00:00;27.5;95.4
2022-09-04 17:00:00;30.5;95.3
2022-09-04 18:00:00;33.7;89.8
2022-09-04 19:00:00;23.7;89.1
2022-09-04 20:00:00;44.9;68.7
2022-09-04 21:00:00;50.4;62.4
2022-09-04 22:00:00;100.7;17.1
2022-09-04 23:00:00;87.6;11.8
2022-09-05 00:00:00;91.9;2.5
2022-09-05 01:00:00;75.2;19.1
2022-09-05 02:00:00;67.7;21.0
2022-09-05 03:00:00;51.1;37.8
2022-09-05 04:00:00;36.0;49.9
2022-09-05 05:00:00;67.9;23.7
2022-09-05 06:00:00;70.9;18.1
2022-09-05 07:00:00;70.7;19.3
2022-09-05 08:00:00;70.1;23.0
2022-09-05 09:00:00;59.1;42.8
2022-09-05 10:00:00;44.9;62.5
2022-09-05 11:00:00;38.0;77.6
2022-09-05 12:00:00;37.3;84.1
2022-09-05 13:00:00;30.2;93.3
2022-09-05 14:00:00;31.4;98.8
2022-09-05 15:00:00;32.5;99.8
2022-09-05 16:00:00;65.7;74.8
2022-09-05 17:00:00;68.8;73.8
2022-09-05 18:00:00;43.2;85.3
2022-09-05 19:00:00;40.0;78.3
2022-09-05 20:00:00;36.2;70.8
2022-09-05 21:00:00;19.4;67.1
2022-09-05 22:00:00;30.7;52.3
2022-09-05 23:00:00;45.7;40.0
2022-09-06 00:00:00;19.0;70.7
2022-09-06 01:00:00;15.4;67.6
2022-09-06 02:00:00;24.4;51.4
2022-09-06 03:00:00;22.5;54.0
2022-09-06 04:00:00;19.0;47.8
2022-09-06 05:00:00;27.1;37.2
2022-09-06 06:00:00;54.6;19.6
2022-09-06 07:00:00;77.4;16.5
2022-09-06 08:00:00;72.9;30.2
2022-09-06 09:00:00;45.9;51.6
2022-09-06 10:00:00;27.8;62.8
2022-09-06 11:00:00;29.3;65.1
2022-09-06 12:00:00;29.7;69.8
2022-09-06 13:00:00;31.7;74.9
2022-09-06 14:00:00;26.3;73.5
2022-09-06 15:00:00;21.5;71.6
2022-09-06 16:00:00;24.9;65.3
2022-09-06 17:00:00;33.6;61.1
2022-09-06 18:00:00;58.4;32.7
2022-09-06 19:00:00;37.3;44.6
2022-09-06 20:00:00;33.0;42.5
2022-09-06 21:00:00;22.5;47.9
2022-09-06 22:00:00;19.2;48.2
2022-09-06 23:00:00;23.7;45.0
2022-09-07 00:00:00;26.1;50.0
2022-09-07 01:00:00;10.8;60.0
2022-09-07 02:00:00;4.5;74.3
2022-09-07 03:00:00;13.6;60.9
2022-09-07 04:00:00;13.5;58.8
2022-09-07 05:00:00;25.3;47.5
2022-09-07 06:00:00;29.2;37.6
2022-09-07 07:00:00;32.2;36.2
2022-09-07 08:00:00;23.5;44.1
2022-09-07 09:00:00;33.3;41.4
2022-09-07 10:00:00;36.2;45.2
2022-09-07 11:00:00;27.5;56.3
2022-09-07 12:00:00;24.6;65.8
2022-09-07 13:00:00;24.2;67.1
2022-09-07 14:00:00;31.0;64.0
2022-09-07 15:00:00;20.7;73.0
2022-09-07 16:00:00;25.4;69.3
2022-09-07 17:00:00;36.6;56.0
2022-09-07 18:00:00;53.6;38.3
2022-09-07 19:00:00;33.6;47.0
2022-09-07 20:00:00;38.0;39.2
2022-09-07 21:00:00;26.8;48.3
2022-09-07 22:00:00;28.3;41.7
2022-09-07 23:00:00;44.9;37.9
2022-09-08 00:00:00;31.4;45.9
2022-09-08 01:00:00;8.8;61.4
2022-09-08 02:00:00;8.6;63.1
2022-09-08 03:00:00;15.6;49.2
2022-09-08 04:00:00;21.6;46.9
2022-09-08 05:00:00;23.9;33.6
2022-09-08 06:00:00;33.6;19.8
2022-09-08 07:00:00;42.1;14.5
2022-09-08 08:00:00;37.3;31.2
2022-09-08 09:00:00;36.8;30.9
2022-09-08 10:00:00;27.7;38.9
2022-09-08 11:00:00;28.4;38.9
2022-09-08 12:00:00;22.0;48.1
2022-09-08 13:00:00;19.8;54.0
2022-09-08 14:00:00;27.6;52.3
2022-09-08 15:00:00;25.4;56.3
2022-09-08 16:00:00;25.4;54.0
2022-09-08 17:00:00;28.0;47.6
2022-09-08 18:00:00;36.0;41.1
2022-09-08 19:00:00;37.0;34.8
2022-09-08 20:00:00;27.6;34.8
2022-09-08 21:00:00;27.6;31.2
2022-09-08 22:00:00;23.8;36.8
2022-09-08 23:00:00;17.8;39.5
2022-09-09 00:00:00;15.3;42.7
2022-09-09 01:00:00;12.8;43.5
2022-09-09 02:00:00;14.3;35.3
2022-09-09 03:00:00;17.1;28.7
2022-09-09 04:00:00;17.1;32.1
2022-09-09 05:00:00;24.2;26.0
2022-09-09 06:00:00;28.5;24.1
2022-09-09 07:00:00;23.6;24.0
2022-09-09 08:00:00;24.3;21.9
2022-09-09 09:00:00;23.6;27.7
2022-09-09 10:00:00;22.1;31.5
2022-09-09 11:00:00;16.5;37.7
2022-09-09 12:00:00;19.1;41.1
2022-09-09 13:00:00;24.1;39.1
2022-09-09 14:00:00;29.6;37.4
2022-09-09 15:00:00;23.2;44.4
2022-09-09 16:00:00;36.0;41.6
2022-09-09 17:00:00;37.0;37.6
2022-09-09 18:00:00;35.1;38.2
2022-09-09 19:00:00;32.5;36.5
2022-09-09 20:00:00;34.4;35.4
2022-09-09 21:00:00;28.8;39.1
2022-09-09 22:00:00;26.4;37.7
2022-09-09 23:00:00;33.4;32.5
2022-09-10 00:00:00;23.5;40.1
2022-09-10 01:00:00;16.3;40.1
2022-09-10 02:00:00;18.5;36.8
2022-09-10 03:00:00;14.7;38.5
2022-09-10 04:00:00;11.7;43.3
2022-09-10 05:00:00;19.8;31.9
2022-09-10 06:00:00;21.1;30.0
2022-09-10 07:00:00;21.6;23.6
2022-09-10 08:00:00;10.9;35.9
2022-09-10 09:00:00;8.7;40.8
2022-09-10 10:00:00;7.5;51.8
2022-09-10 11:00:00;8.0;53.5
2022-09-10 12:00:00;7.8;62.2
2022-09-10 13:00:00;10.9;62.8
2022-09-10 14:00:00;9.3;73.2
2022-09-10 15:00:00;9.9;75.1
2022-09-10 16:00:00;9.6;74.9
2022-09-10 17:00:00;14.0;69.3
2022-09-10 18:00:00;22.3;60.1
2022-09-10 19:00:00;28.2;47.4
2022-09-10 20:00:00;50.1;28.1
2022-09-10 21:00:00;32.4;43.0
2022-09-10 22:00:00;27.1;47.2
2022-09-10 23:00:00;27.4;42.1
2022-09-11 00:00:00;15.6;53.4
2022-09-11 01:00:00;22.8;37.1
2022-09-11 02:00:00;25.9;30.2
2022-09-11 03:00:00;49.6;4.9
2022-09-11 04:00:00;47.9;2.8
2022-09-11 05:00:00;48.9;1.4
2022-09-11 06:00:00;48.1;2.8
2022-09-11 07:00:00;50.5;8.4
2022-09-11 08:00:00;45.0;30.5
2022-09-11 09:00:00;12.3;65.5
2022-09-11 10:00:00;13.7;66.9
2022-09-11 11:00:00;13.8;72.1
2022-09-11 12:00:00;13.5;74.4
2022-09-11 13:00:00;18.9;77.1
2022-09-11 14:00:00;44.7;58.2
2022-09-11 15:00:00;21.3;75.0
2022-09-11 16:00:00;13.7;73.3
2022-09-11 17:00:00;15.3;71.3
2022-09-11 18:00:00;24.9;62.8
2022-09-11 19:00:00;29.0;54.9
2022-09-11 20:00:00;25.2;55.6
2022-09-11 21:00:00;36.1;47.0
2022-09-11 22:00:00;41.2;39.8
2022-09-11 23:00:00;46.6;29.9
2022-09-12 00:00:00;32.3;37.9
2022-09-12 01:00:00;25.5;41.5
2022-09-12 02:00:00;23.9;40.3
2022-09-12 03:00:00;20.0;44.8
2022-09-12 04:00:00;18.0;44.3
2022-09-12 05:00:00;31.4;35.5
2022-09-12 06:00:00;35.4;30.7
2022-09-12 07:00:00;49.8;20.6
2022-09-12 08:00:00;44.5;32.7
2022-09-12 09:00:00;31.9;46.1
2022-09-12 10:00:00;29.3;56.3
2022-09-12 11:00:00;26.8;67.9
2022-09-12 12:00:00;21.3;83.3
2022-09-12 13:00:00;32.7;86.9
2022-09-12 14:00:00;26.1;85.1
2022-09-12 15:00:00;25.2;84.7
2022-09-12 16:00:00;28.3;92.5
2022-09-12 17:00:00;27.2;88.4
2022-09-12 18:00:00;37.7;67.7
2022-09-12 19:00:00;35.7;59.4
2022-09-12 20:00:00;32.8;51.2
2022-09-12 21:00:00;53.6;26.8
2022-09-12 22:00:00;79.0;12.6
2022-09-12 23:00:00;95.5;6.2
2022-09-13 00:00:00;64.5;22.8
2022-09-13 01:00:00;36.7;47.6
2022-09-13 02:00:00;23.6;57.3
2022-09-13 03:00:00;32.7;42.0
2022-09-13 04:00:00;20.8;51.4
2022-09-13 05:00:00;26.6;40.0
2022-09-13 06:00:00;31.7;22.4
2022-09-13 07:00:00;31.3;21.5
2022-09-13 08:00:00;29.0;27.4
2022-09-13 09:00:00;25.7;31.7
2022-09-13 10:00:00;19.1;46.2
2022-09-13 11:00:00;16.4;57.7
2022-09-13 12:00:00;13.0;65.8
2022-09-13 13:00:00;15.9;63.8
2022-09-13 14:00:00;14.2;66.2
2022-09-13 15:00:00;13.1;66.4
2022-09-13 16:00:00;13.4;67.1
2022-09-13 17:00:00;14.7;62.2
2022-09-13 18:00:00;12.0;59.5
2022-09-13 19:00:00;12.5;56.4
2022-09-13 20:00:00;11.4;53.5
2022-09-13 21:00:00;11.3;53.6
2022-09-13 22:00:00;14.3;52.4
2022-09-13 23:00:00;12.4;54.7
2022-09-14 00:00:00;11.7;57.5
2022-09-14 01:00:00;12.5;57.1
2022-09-14 02:00:00;11.5;52.2
2022-09-14 03:00:00;9.2;55.4
2022-09-14 04:00:00;10.8;54.8
2022-09-14 05:00:00;19.9;48.5
2022-09-14 06:00:00;49.5;18.9
2022-09-14 07:00:00;46.1;32.5
2022-09-14 08:00:00;48.2;29.3
2022-09-14 09:00:00;52.0;33.0
2022-09-14 10:00:00;43.5;40.9
2022-09-14 11:00:00;42.4;43.5
2022-09-14 12:00:00;45.6;45.4
2022-09-14 13:00:00;39.1;50.4
2022-09-14 14:00:00;32.1;55.4
2022-09-14 15:00:00;31.1;56.8
2022-09-14 16:00:00;17.4;67.3
2022-09-14 17:00:00;14.6;66.0
2022-09-14 18:00:00;21.2;60.9
2022-09-14 19:00:00;46.6;35.1
2022-09-14 20:00:00;26.8;54.5
2022-09-14 21:00:00;41.3;39.3
2022-09-14 22:00:00;46.1;32.2
2022-09-14 23:00:00;31.4;46.1
2022-09-15 00:00:00;30.7;48.8
2022-09-15 01:00:00;23.1;51.5
2022-09-15 02:00:00;30.2;38.4
2022-09-15 03:00:00;33.5;36.1
2022-09-15 04:00:00;18.5;48.2
2022-09-15 05:00:00;23.5;45.4
2022-09-15 06:00:00;45.1;25.3
2022-09-15 07:00:00;26.5;42.0
2022-09-15 08:00:00;32.1;37.6
2022-09-15 09:00:00;31.1;39.5
2022-09-15 10:00:00;20.6;51.6
2022-09-15 11:00:00;21.2;63.0
2022-09-15 12:00:00;16.4;60.6
2022-09-15 13:00:00;15.6;62.1
2022-09-15 14:00:00;17.9;60.8
2022-09-15 15:00:00;16.6;61.4
2022-09-15 16:00:00;18.7;56.8
2022-09-15 17:00:00;20.2;54.0
2022-09-15 18:00:00;21.7;52.3
2022-09-15 19:00:00;22.3;49.1
2022-09-15 20:00:00;19.9;51.6
2022-09-15 21:00:00;26.8;44.1
2022-09-15 22:00:00;21.7;49.8
2022-09-15 23:00:00;16.8;54.7
2022-09-16 00:00:00;17.3;52.8
2022-09-16 01:00:00;14.9;53.7
2022-09-16 02:00:00;16.3;50.9
2022-09-16 03:00:00;17.0;51.0
2022-09-16 04:00:00;18.1;45.9
2022-09-16 05:00:00;32.0;35.1
2022-09-16 06:00:00;30.4;37.5
2022-09-16 07:00:00;33.8;34.5
2022-09-16 08:00:00;44.4;32.2
2022-09-16 09:00:00;44.4;32.2
2022-09-16 10:00:00;40.4;37.0
2022-09-16 11:00:00;38.0;37.8
2022-09-16 12:00:00;30.4;45.4
2022-09-16 13:00:00;12.5;60.9
2022-09-16 14:00:00;12.0;55.8
2022-09-16 15:00:00;10.4;60.0
2022-09-16 16:00:00;10.9;57.7
2022-09-16 17:00:00;13.2;57.4
2022-09-16 18:00:00;11.1;59.7
2022-09-16 19:00:00;14.4;53.7
2022-09-16 20:00:00;16.5;53.0
2022-09-16 21:00:00;24.9;45.1
2022-09-16 22:00:00;21.4;49.6
2022-09-16 23:00:00;13.2;58.6
2022-09-17 00:00:00;9.2;56.9
2022-09-17 01:00:00;11.2;50.2
2022-09-17 02:00:00;12.0;51.8
2022-09-17 03:00:00;16.8;44.8
2022-09-17 04:00:00;6.2;54.8
2022-09-17 05:00:00;12.7;49.4
2022-09-17 06:00:00;16.7;43.7
2022-09-17 07:00:00;15.7;44.5
2022-09-17 08:00:00;8.2;52.1
2022-09-17 09:00:00;11.0;49.0
2022-09-17 10:00:00;10.2;50.0
2022-09-17 11:00:00;7.0;56.8
2022-09-17 12:00:00;8.3;57.4
2022-09-17 13:00:00;6.3;59.5
2022-09-17 14:00:00;5.6;59.6
2022-09-17 15:00:00;6.2;59.3
2022-09-17 16:00:00;6.6;56.1
2022-09-17 17:00:00;11.5;47.0
2022-09-17 18:00:00;16.4;42.9
2022-09-17 19:00:00;18.6;42.2
2022-09-17 20:00:00;8.8;51.4
2022-09-17 21:00:00;18.5;41.8
2022-09-17 22:00:00;16.8;43.0
2022-09-17 23:00:00;18.7;42.7
2022-09-18 00:00:00;14.8;47.4
2022-09-18 01:00:00;17.7;43.4
2022-09-18 02:00:00;11.7;48.2
2022-09-18 03:00:00;9.6;50.4
2022-09-18 04:00:00;13.2;45.6
2022-09-18 05:00:00;12.8;47.0
2022-09-18 06:00:00;18.9;41.8
2022-09-18 07:00:00;14.5;48.8
2022-09-18 08:00:00;15.7;46.3
2022-09-18 09:00:00;20.2;43.0
2022-09-18 10:00:00;17.1;48.2
2022-09-18 11:00:00;18.5;47.1
2022-09-18 12:00:00;18.7;44.1
2022-09-18 13:00:00;26.8;36.9
2022-09-18 14:00:00;26.4;36.5
2022-09-18 15:00:00;19.9;41.0
2022-09-18 16:00:00;17.7;46.1
2022-09-18 17:00:00;34.5;30.4
2022-09-18 18:00:00;21.3;42.7
2022-09-18 19:00:00;10.3;55.7
2022-09-18 20:00:00;10.7;56.2
2022-09-18 21:00:00;11.4;54.4
2022-09-18 22:00:00;12.2;52.5
2022-09-18 23:00:00;6.4;58.6
2022-09-19 00:00:00;5.6;61.7
2022-09-19 01:00:00;17.2;50.2
2022-09-19 02:00:00;17.3;48.9
2022-09-19 03:00:00;6.8;56.7
2022-09-19 04:00:00;10.8;52.7
2022-09-19 05:00:00;17.1;45.4
2022-09-19 06:00:00;35.2;29.6
2022-09-19 07:00:00;39.8;26.9
2022-09-19 08:00:00;35.3;33.1
2022-09-19 09:00:00;27.3;39.6
2022-09-19 10:00:00;22.5;44.4
2022-09-19 11:00:00;19.4;48.7
2022-09-19 12:00:00;20.9;50.3
2022-09-19 13:00:00;18.8;51.5
2022-09-19 14:00:00;23.9;49.3
2022-09-19 15:00:00;18.6;51.3
2022-09-19 16:00:00;14.1;54.9
2022-09-19 17:00:00;23.5;46.5
2022-09-19 18:00:00;31.8;38.0
2022-09-19 19:00:00;22.5;44.7
2022-09-19 20:00:00;24.3;44.9
2022-09-19 21:00:00;22.0;45.4
2022-09-19 22:00:00;27.3;38.7
2022-09-19 23:00:00;30.0;31.7
2022-09-20 00:00:00;22.1;43.1
2022-09-20 01:00:00;35.3;26.2
2022-09-20 02:00:00;34.5;18.6
2022-09-20 03:00:00;27.9;18.3
2022-09-20 04:00:00;25.9;18.0
2022-09-20 05:00:00;39.8;23.2
2022-09-20 06:00:00;56.6;6.5
2022-09-20 07:00:00;42.6;24.2
2022-09-20 08:00:00;36.7;32.6
2022-09-20 09:00:00;19.0;47.0
2022-09-20 10:00:00;27.7;42.8
2022-09-20 11:00:00;24.6;44.6
2022-09-20 12:00:00;19.9;52.3
2022-09-20 13:00:00;24.6;48.0
2022-09-20 14:00:00;17.6;55.6
2022-09-20 15:00:00;19.3;50.5
2022-09-20 16:00:00;17.7;53.9
2022-09-20 17:00:00;11.8;58.9
2022-09-20 18:00:00;17.9;48.6
2022-09-20 19:00:00;24.3;40.3
2022-09-20 20:00:00;22.4;41.1
2022-09-20 21:00:00;19.0;48.0
2022-09-20 22:00:00;23.5;43.7
2022-09-20 23:00:00;24.6;39.3
2022-09-21 00:00:00;26.5;32.0
2022-09-21 01:00:00;22.6;30.2
2022-09-21 02:00:00;40.1;10.3
2022-09-21 03:00:00;43.7;8.9
2022-09-21 04:00:00;40.2;12.6
2022-09-21 05:00:00;42.6;5.4
2022-09-21 06:00:00;51.7;3.3
2022-09-21 07:00:00;63.3;2.5
2022-09-21 08:00:00;62.4;12.3
2022-09-21 09:00:00;42.1;37.3
2022-09-21 10:00:00;31.4;47.2
2022-09-21 11:00:00;35.2;47.3
2022-09-21 12:00:00;31.1;49.1
2022-09-21 13:00:00;29.0;50.9
2022-09-21 14:00:00;38.9;51.2
2022-09-21 15:00:00;27.4;58.9
2022-09-21 16:00:00;36.1;45.5
2022-09-21 17:00:00;51.9;37.8
2022-09-21 18:00:00;40.5;44.4
2022-09-21 19:00:00;49.9;28.8
2022-09-21 20:00:00;50.6;23.7
2022-09-21 21:00:00;59.9;7.9
2022-09-21 22:00:00;67.7;0.8
2022-09-21 23:00:00;65.6;0.2
2022-09-22 00:00:00;60.5;0.4
2022-09-22 01:00:00;61.5;0.4
2022-09-22 02:00:00;53.6;4.0
2022-09-22 03:00:00;58.2;2.5
2022-09-22 04:00:00;44.5;7.9
2022-09-22 05:00:00;44.7;9.1
2022-09-22 06:00:00;57.3;1.7
2022-09-22 07:00:00;62.5;4.4
2022-09-22 08:00:00;59.2;16.2
2022-09-22 09:00:00;47.1;26.6
2022-09-22 10:00:00;44.3;31.5
2022-09-22 11:00:00;34.5;50.9
2022-09-22 12:00:00;31.1;62.4
2022-09-22 13:00:00;29.2;60.8
2022-09-22 14:00:00;30.6;66.2
2022-09-22 15:00:00;31.7;64.4
2022-09-22 16:00:00;27.5;66.1
2022-09-22 17:00:00;37.7;60.5
2022-09-22 18:00:00;53.7;44.5
2022-09-22 19:00:00;50.0;39.8
2022-09-22 20:00:00;53.1;27.8
2022-09-22 21:00:00;52.9;31.3
2022-09-22 22:00:00;57.9;29.4
2022-09-22 23:00:00;63.1;21.1
2022-09-23 00:00:00;54.1;26.2
2022-09-23 01:00:00;54.4;23.0
2022-09-23 02:00:00;45.1;28.9
2022-09-23 03:00:00;35.3;35.9
2022-09-23 04:00:00;32.0;37.3
2022-09-23 05:00:00;41.3;26.6
2022-09-23 06:00:00;59.2;12.4
2022-09-23 07:00:00;67.2;7.1
2022-09-23 08:00:00;63.5;6.7
2022-09-23 09:00:00;61.9;8.1
2022-09-23 10:00:00;68.9;10.0
2022-09-23 11:00:00;84.9;10.9
2022-09-23 12:00:00;62.4;16.4
2022-09-23 13:00:00;58.5;23.9
2022-09-23 14:00:00;64.6;28.4
2022-09-23 15:00:00;53.6;35.9
2022-09-23 16:00:00;56.5;32.1
2022-09-23 17:00:00;55.2;27.7
2022-09-23 18:00:00;30.1;51.0
2022-09-23 19:00:00;47.6;39.4
2022-09-23 20:00:00;50.0;35.0
2022-09-23 21:00:00;40.5;37.3
2022-09-23 22:00:00;42.2;36.1
2022-09-23 23:00:00;34.2;42.8
2022-09-24 00:00:00;32.4;35.2
2022-09-24 01:00:00;23.2;39.7
2022-09-24 02:00:00;24.9;44.2
2022-09-24 03:00:00;24.3;39.9
2022-09-24 04:00:00;18.0;42.6
2022-09-24 05:00:00;10.6;50.1
2022-09-24 06:00:00;5.7;53.7
2022-09-24 07:00:00;6.2;47.6
2022-09-24 08:00:00;12.1;40.1
2022-09-24 09:00:00;13.2;39.6
2022-09-24 10:00:00;9.9;40.4
2022-09-24 11:00:00;7.3;45.9
2022-09-24 12:00:00;9.5;47.3
2022-09-24 13:00:00;7.6;53.5
2022-09-24 14:00:00;9.0;52.0
2022-09-24 15:00:00;7.4;54.1
2022-09-24 16:00:00;8.0;53.1
2022-09-24 17:00:00;7.0;53.2
2022-09-24 18:00:00;13.7;46.0
2022-09-24 19:00:00;17.1;36.6
2022-09-24 20:00:00;14.9;37.5
2022-09-24 21:00:00;17.9;35.4
2022-09-24 22:00:00;15.0;36.0
2022-09-24 23:00:00;22.6;30.3
2022-09-25 00:00:00;27.3;26.2
2022-09-25 01:00:00;23.1;28.9
2022-09-25 02:00:00;28.6;24.4
2022-09-25 03:00:00;24.5;28.1
2022-09-25 04:00:00;29.1;25.6
2022-09-25 05:00:00;24.4;32.2
2022-09-25 06:00:00;40.1;15.9
2022-09-25 07:00:00;46.6;13.4
2022-09-25 08:00:00;24.4;39.2
2022-09-25 09:00:00;22.3;42.1
2022-09-25 10:00:00;13.0;53.1
2022-09-25 11:00:00;7.7;59.6
2022-09-25 12:00:00;11.1;55.5
2022-09-25 13:00:00;24.2;44.0
2022-09-25 14:00:00;18.8;51.1
2022-09-25 15:00:00;19.1;49.4
2022-09-25 16:00:00;15.5;54.9
2022-09-25 17:00:00;20.9;48.1
2022-09-25 18:00:00;38.6;28.8
2022-09-25 19:00:00;49.6;18.6
2022-09-25 20:00:00;30.5;39.4
2022-09-25 21:00:00;52.6;22.5
2022-09-25 22:00:00;41.0;33.1
2022-09-25 23:00:00;27.2;36.5
2022-09-26 00:00:00;22.3;34.3
2022-09-26 01:00:00;23.6;31.1
2022-09-26 02:00:00;16.3;37.1
2022-09-26 03:00:00;14.9;39.2
2022-09-26 04:00:00;13.7;39.6
2022-09-26 05:00:00;22.7;35.2
2022-09-26 06:00:00;24.3;35.4
2022-09-26 07:00:00;30.3;33.7
2022-09-26 08:00:00;29.5;31.5
2022-09-26 09:00:00;25.9;28.7
2022-09-26 10:00:00;31.2;27.8
2022-09-26 11:00:00;28.7;28.9
2022-09-26 12:00:00;35.2;23.7
2022-09-26 13:00:00;40.7;23.5
2022-09-26 14:00:00;30.2;40.7
2022-09-26 15:00:00;38.9;36.4
2022-09-26 16:00:00;26.4;56.9
2022-09-26 17:00:00;29.7;49.2
2022-09-26 18:00:00;22.9;48.4
2022-09-26 19:00:00;25.4;40.2
2022-09-26 20:00:00;12.6;45.9
2022-09-26 21:00:00;32.7;28.7
2022-09-26 22:00:00;17.1;42.4
2022-09-26 23:00:00;13.5;42.9
2022-09-27 00:00:00;11.8;44.9
2022-09-27 01:00:00;20.6;39.0
2022-09-27 02:00:00;28.2;38.1
2022-09-27 03:00:00;13.5;51.9
2022-09-27 04:00:00;19.9;47.4
2022-09-27 05:00:00;28.0;39.5
2022-09-27 06:00:00;43.4;24.8
2022-09-27 07:00:00;51.5;19.2
2022-09-27 08:00:00;47.7;23.1
2022-09-27 09:00:00;44.8;24.4
2022-09-27 10:00:00;40.9;28.4
2022-09-27 11:00:00;55.9;18.2
2022-09-27 12:00:00;54.3;17.6
2022-09-27 13:00:00;46.9;25.7
2022-09-27 14:00:00;50.7;25.9
2022-09-27 15:00:00;42.9;26.1
2022-09-27 16:00:00;43.2;26.8
2022-09-27 17:00:00;32.1;39.2
2022-09-27 18:00:00;67.6;13.4
2022-09-27 19:00:00;49.8;25.6
2022-09-27 20:00:00;42.5;20.1
2022-09-27 21:00:00;42.9;10.5
2022-09-27 22:00:00;48.0;10.5
2022-09-27 23:00:00;26.4;36.9
2022-09-28 00:00:00;20.1;39.1
2022-09-28 01:00:00;14.7;39.1
2022-09-28 02:00:00;17.2;30.6
2022-09-28 03:00:00;14.9;32.1
2022-09-28 04:00:00;20.8;27.1
2022-09-28 05:00:00;34.1;16.9
2022-09-28 06:00:00;54.9;6.4
2022-09-28 07:00:00;58.7;4.4
2022-09-28 08:00:00;51.1;14.3
2022-09-28 09:00:00;40.0;23.4
2022-09-28 10:00:00;35.4;33.5
2022-09-28 11:00:00;26.4;38.0
2022-09-28 12:00:00;43.0;26.3
2022-09-28 13:00:00;36.6;34.2
2022-09-28 14:00:00;49.3;22.9
2022-09-28 15:00:00;50.3;22.6
2022-09-28 16:00:00;43.9;24.4
2022-09-28 17:00:00;37.9;31.0
2022-09-28 18:00:00;38.9;28.9
2022-09-28 19:00:00;51.6;19.1
2022-09-28 20:00:00;44.0;15.4
2022-09-28 21:00:00;60.9;1.9
2022-09-28 22:00:00;58.5;5.2
2022-09-28 23:00:00;52.5;7.1
2022-09-29 00:00:00;50.5;2.6
2022-09-29 01:00:00;34.0;10.1
2022-09-29 02:00:00;38.2;7.2
2022-09-29 03:00:00;33.2;9.1
2022-09-29 04:00:00;32.6;6.6
2022-09-29 05:00:00;35.2;2.6
2022-09-29 06:00:00;45.0;0.4
2022-09-29 07:00:00;48.0;1.5
2022-09-29 08:00:00;51.0;3.1
2022-09-29 09:00:00;56.4;5.3
2022-09-29 10:00:00;50.1;16.7
2022-09-29 11:00:00;42.5;25.3
2022-09-29 12:00:00;36.7;33.4
2022-09-29 13:00:00;33.0;34.6
2022-09-29 14:00:00;40.5;31.0
2022-09-29 15:00:00;45.5;29.7
2022-09-29 16:00:00;56.0;23.5
2022-09-29 17:00:00;63.2;17.3
2022-09-29 18:00:00;47.2;26.7
2022-09-29 19:00:00;44.8;17.3
2022-09-29 20:00:00;63.5;1.6
2022-09-29 21:00:00;62.2;1.2
2022-09-29 22:00:00;57.3;1.0
2022-09-29 23:00:00;52.0;0.4
2022-09-30 00:00:00;51.9;0.1
2022-09-30 01:00:00;52.3;-0.1
2022-09-30 02:00:00;48.1;0.2
2022-09-30 03:00:00;50.3;0.1
2022-09-30 04:00:00;49.9;0.1
2022-09-30 05:00:00;52.4;1.6
2022-09-30 06:00:00;57.4;0.4
2022-09-30 07:00:00;63.7;1.0
2022-09-30 08:00:00;74.3;1.4
2022-09-30 09:00:00;64.3;10.6
2022-09-30 10:00:00;63.2;11.3
2022-09-30 11:00:00;42.3;24.0
2022-09-30 12:00:00;26.0;43.1
2022-09-30 13:00:00;29.9;41.9
2022-09-30 14:00:00;29.4;41.3
2022-09-30 15:00:00;26.4;49.0
2022-09-30 16:00:00;25.3;53.7
2022-09-30 17:00:00;31.6;46.3
2022-09-30 18:00:00;27.3;42.5
2022-09-30 19:00:00;23.8;46.2
2022-09-30 20:00:00;22.5;45.9
2022-09-30 21:00:00;20.7;46.1
2022-09-30 22:00:00;21.1;42.7
2022-09-30 23:00:00;19.3;46.6
2022-10-01 00:00:00;13.0;49.7
2022-10-01 01:00:00;11.9;47.7
2022-10-01 02:00:00;9.3;51.1
2022-10-01 03:00:00;7.5;50.4
2022-10-01 04:00:00;8.8;45.8
2022-10-01 05:00:00;16.4;36.1
2022-10-01 06:00:00;27.5;26.8
2022-10-01 07:00:00;32.2;24.4
2022-10-01 08:00:00;29.6;27.3
2022-10-01 09:00:00;16.4;44.1
2022-10-01 10:00:00;10.4;50.3
2022-10-01 11:00:00;9.6;52.4
2022-10-01 12:00:00;9.9;55.2
2022-10-01 13:00:00;12.2;55.8
2022-10-01 14:00:00;9.4;58.2
2022-10-01 15:00:00;10.7;57.5
2022-10-01 16:00:00;16.4;51.9
2022-10-01 17:00:00;14.3;51.0
2022-10-01 18:00:00;20.0;45.1
2022-10-01 19:00:00;29.2;32.5
2022-10-01 20:00:00;24.6;35.9
2022-10-01 21:00:00;24.0;38.3
2022-10-01 22:00:00;18.3;43.7
2022-10-01 23:00:00;30.7;33.0
2022-10-02 00:00:00;30.5;29.3
2022-10-02 01:00:00;22.8;35.8
2022-10-02 02:00:00;32.9;21.5
2022-10-02 03:00:00;17.8;28.6
2022-10-02 04:00:00;10.7;33.0
2022-10-02 05:00:00;14.8;31.1
2022-10-02 06:00:00;13.3;33.9
2022-10-02 07:00:00;17.1;25.6
2022-10-02 08:00:00;16.7;29.2
2022-10-02 09:00:00;17.9;34.2
2022-10-02 10:00:00;13.7;44.9
2022-10-02 11:00:00;13.2;50.1
2022-10-02 12:00:00;13.4;51.4
2022-10-02 13:00:00;13.4;54.5
2022-10-02 14:00:00;11.4;58.0
2022-10-02 15:00:00;14.1;56.9
2022-10-02 16:00:00;14.1;53.2
2022-10-02 17:00:00;15.2;47.6
2022-10-02 18:00:00;21.1;39.4
2022-10-02 19:00:00;36.8;23.5
2022-10-02 20:00:00;41.5;21.4
2022-10-02 21:00:00;35.7;25.8
2022-10-02 22:00:00;34.1;26.3
2022-10-02 23:00:00;22.5;35.4
2022-10-03 00:00:00;35.3;18.0
2022-10-03 01:00:00;31.9;15.6
2022-10-03 02:00:00;33.7;13.1
2022-10-03 03:00:00;31.2;11.6
2022-10-03 04:00:00;37.2;5.1
2022-10-03 05:00:00;41.6;1.7
2022-10-03 06:00:00;49.0;0.2
2022-10-03 07:00:00;55.4;0.7
2022-10-03 08:00:00;71.1;0.8
2022-10-03 09:00:00;81.5;2.1
2022-10-03 10:00:00;74.2;4.8
2022-10-03 11:00:00;52.9;18.0
2022-10-03 12:00:00;38.1;32.8
2022-10-03 13:00:00;28.0;45.1
2022-10-03 14:00:00;37.8;36.6
2022-10-03 15:00:00;45.5;23.6
2022-10-03 16:00:00;34.8;37.4
2022-10-03 17:00:00;41.8;34.7
2022-10-03 18:00:00;64.1;13.7
2022-10-03 19:00:00;67.6;4.0
2022-10-03 20:00:00;62.6;2.2
2022-10-03 21:00:00;59.1;3.1
2022-10-03 22:00:00;47.9;7.0
2022-10-03 23:00:00;38.3;14.1
2022-10-04 00:00:00;35.5;14.4
2022-10-04 01:00:00;38.6;10.5
2022-10-04 02:00:00;36.3;12.3
2022-10-04 03:00:00;35.8;12.3
2022-10-04 04:00:00;32.8;12.5
2022-10-04 05:00:00;33.7;13.8
2022-10-04 06:00:00;56.2;6.5
2022-10-04 07:00:00;46.7;4.9
2022-10-04 08:00:00;44.1;7.7
2022-10-04 09:00:00;39.1;17.7
2022-10-04 10:00:00;40.8;20.7
2022-10-04 11:00:00;37.2;27.8
2022-10-04 12:00:00;30.6;35.8
2022-10-04 13:00:00;29.2;39.1
2022-10-04 14:00:00;30.8;42.2
2022-10-04 15:00:00;29.4;44.5
2022-10-04 16:00:00;36.0;40.7
2022-10-04 17:00:00;44.3;34.6
2022-10-04 18:00:00;35.4;36.6
2022-10-04 19:00:00;29.5;38.1
2022-10-04 20:00:00;24.1;40.8
2022-10-04 21:00:00;26.8;39.1
2022-10-04 22:00:00;18.5;46.8
2022-10-04 23:00:00;9.1;55.5
2022-10-05 00:00:00;12.8;49.5
2022-10-05 01:00:00;13.1;45.0
2022-10-05 02:00:00;8.4;53.9
2022-10-05 03:00:00;8.5;53.4
2022-10-05 04:00:00;9.6;46.6
2022-10-05 05:00:00;18.4;38.7
2022-10-05 06:00:00;26.3;35.8
2022-10-05 07:00:00;31.2;36.1
2022-10-05 08:00:00;30.6;35.4
2022-10-05 09:00:00;24.9;37.7
2022-10-05 10:00:00;23.2;40.4
2022-10-05 11:00:00;31.8;45.0
2022-10-05 12:00:00;25.9;43.3
2022-10-05 13:00:00;24.3;44.8
2022-10-05 14:00:00;26.6;48.7
2022-10-05 15:00:00;14.7;51.9
2022-10-05 16:00:00;16.3;52.4
2022-10-05 17:00:00;22.7;50.9
2022-10-05 18:00:00;22.7;51.3
2022-10-05 19:00:00;16.8;53.4
2022-10-05 20:00:00;10.9;60.9
2022-10-05 21:00:00;11.6;59.8
2022-10-05 22:00:00;9.4;57.7
2022-10-05 23:00:00;6.0;58.2
2022-10-06 00:00:00;6.2;58.6
2022-10-06 01:00:00;3.8;61.1
2022-10-06 02:00:00;2.6;61.2
2022-10-06 03:00:00;3.0;59.4
2022-10-06 04:00:00;7.4;55.2
2022-10-06 05:00:00;13.3;50.0
2022-10-06 06:00:00;29.3;36.0
2022-10-06 07:00:00;42.4;27.1
2022-10-06 08:00:00;33.2;33.7
2022-10-06 09:00:00;21.6;46.1
2022-10-06 10:00:00;13.3;53.3
2022-10-06 11:00:00;21.4;51.3
2022-10-06 12:00:00;12.8;55.1
2022-10-06 13:00:00;16.5;56.7
2022-10-06 14:00:00;20.3;53.6
2022-10-06 15:00:00;17.5;58.2
2022-10-06 16:00:00;17.1;54.3
2022-10-06 17:00:00;24.6;49.1
2022-10-06 18:00:00;36.9;35.1
2022-10-06 19:00:00;35.5;32.7
2022-10-06 20:00:00;39.9;27.4
2022-10-06 21:00:00;46.8;22.3
2022-10-06 22:00:00;40.0;22.5
2022-10-06 23:00:00;35.4;24.5
2022-10-07 00:00:00;33.5;21.2
2022-10-07 01:00:00;32.7;20.1
2022-10-07 02:00:00;26.7;25.0
2022-10-07 03:00:00;22.5;29.5
2022-10-07 04:00:00;23.8;25.7
2022-10-07 05:00:00;30.4;24.3
2022-10-07 06:00:00;33.5;16.9
2022-10-07 07:00:00;53.6;12.5
2022-10-07 08:00:00;40.4;20.0
2022-10-07 09:00:00;34.1;24.1
2022-10-07 10:00:00;40.7;21.3
2022-10-07 11:00:00;38.0;25.3
2022-10-07 12:00:00;25.7;39.4
2022-10-07 13:00:00;31.4;40.4
2022-10-07 14:00:00;35.3;40.7
2022-10-07 15:00:00;28.2;42.7
2022-10-07 16:00:00;28.8;42.4
2022-10-07 17:00:00;31.1;41.3
2022-10-07 18:00:00;29.2;43.1
2022-10-07 19:00:00;25.6;40.9
2022-10-07 20:00:00;23.9;40.5
2022-10-07 21:00:00;23.7;42.4
2022-10-07 22:00:00;17.7;44.7
2022-10-07 23:00:00;17.1;44.7
2022-10-08 00:00:00;13.6;53.1
2022-10-08 01:00:00;18.7;48.4
2022-10-08 02:00:00;27.9;34.0
2022-10-08 03:00:00;22.6;31.1
2022-10-08 04:00:00;19.5;32.0
2022-10-08 05:00:00;14.7;33.9
2022-10-08 06:00:00;16.1;32.7
2022-10-08 07:00:00;15.6;32.2
2022-10-08 08:00:00;14.0;37.4
2022-10-08 09:00:00;18.4;34.4
2022-10-08 10:00:00;13.7;43.5
2022-10-08 11:00:00;15.8;45.0
2022-10-08 12:00:00;13.1;49.7
2022-10-08 13:00:00;12.1;47.2
2022-10-08 14:00:00;9.9;50.9
2022-10-08 15:00:00;11.1;52.2
2022-10-08 16:00:00;17.0;48.6
2022-10-08 17:00:00;17.8;43.1
2022-10-08 18:00:00;31.6;30.7
2022-10-08 19:00:00;33.7;26.3
2022-10-08 20:00:00;36.8;20.3
2022-10-08 21:00:00;45.3;11.1
2022-10-08 22:00:00;54.3;3.0
2022-10-08 23:00:00;61.4;0.2
2022-10-09 00:00:00;56.5;1.3
2022-10-09 01:00:00;54.9;1.4
2022-10-09 02:00:00;56.1;0.0
2022-10-09 03:00:00;47.6;1.2
2022-10-09 04:00:00;42.9;2.6
2022-10-09 05:00:00;34.5;8.5
2022-10-09 06:00:00;33.6;9.0
2022-10-09 07:00:00;33.2;10.9
2022-10-09 08:00:00;28.4;23.0
2022-10-09 09:00:00;21.5;32.0
2022-10-09 10:00:00;17.9;40.9
2022-10-09 11:00:00;18.5;42.2
2022-10-09 12:00:00;19.9;45.3
2022-10-09 13:00:00;18.8;45.1
2022-10-09 14:00:00;18.3;50.4
2022-10-09 15:00:00;21.5;51.7
2022-10-09 16:00:00;30.7;48.5
2022-10-09 17:00:00;28.6;44.4
2022-10-09 18:00:00;58.0;21.4
2022-10-09 19:00:00;44.7;26.3
2022-10-09 20:00:00;41.3;24.4
2022-10-09 21:00:00;36.3;22.1
2022-10-09 22:00:00;28.1;26.9
2022-10-09 23:00:00;28.7;26.0
2022-10-10 00:00:00;21.1;30.6
2022-10-10 01:00:00;18.4;31.1
2022-10-10 02:00:00;14.9;33.3
2022-10-10 03:00:00;18.9;30.2
2022-10-10 04:00:00;16.7;29.2
2022-10-10 05:00:00;28.7;21.6
2022-10-10 06:00:00;40.1;11.5
2022-10-10 07:00:00;44.3;7.3
2022-10-10 08:00:00;44.4;7.9
2022-10-10 09:00:00;45.5;8.6
2022-10-10 10:00:00;51.3;7.2
2022-10-10 11:00:00;52.1;5.2
2022-10-10 12:00:00;43.9;14.3
2022-10-10 13:00:00;23.5;38.2
2022-10-10 14:00:00;26.1;40.0
2022-10-10 15:00:00;20.8;49.5
2022-10-10 16:00:00;17.7;50.6
2022-10-10 17:00:00;18.3;49.6
2022-10-10 18:00:00;35.6;30.4
2022-10-10 19:00:00;40.2;23.8
2022-10-10 20:00:00;33.9;30.3
2022-10-10 21:00:00;26.8;34.9
2022-10-10 22:00:00;33.1;28.9
2022-10-10 23:00:00;48.3;17.4
2022-10-11 00:00:00;49.2;11.2
2022-10-11 01:00:00;49.9;3.4
2022-10-11 02:00:00;40.9;6.8
2022-10-11 03:00:00;34.9;9.0
2022-10-11 04:00:00;36.3;7.3
2022-10-11 05:00:00;42.8;3.7
2022-10-11 06:00:00;57.3;0.5
2022-10-11 07:00:00;67.1;0.7
2022-10-11 08:00:00;67.1;2.9
2022-10-11 09:00:00;67.7;3.6
2022-10-11 10:00:00;78.9;5.7
2022-10-11 11:00:00;53.0;17.1
2022-10-11 12:00:00;28.3;39.7
2022-10-11 13:00:00;31.3;39.7
2022-10-11 14:00:00;28.9;46.1
2022-10-11 15:00:00;18.8;53.7
2022-10-11 16:00:00;29.2;45.8
2022-10-11 17:00:00;35.7;35.6
2022-10-11 18:00:00;48.8;21.3
2022-10-11 19:00:00;65.8;5.2
2022-10-11 20:00:00;69.9;6.3
2022-10-11 21:00:00;73.9;2.3
2022-10-11 22:00:00;68.8;0.9
2022-10-11 23:00:00;68.1;0.7
2022-10-12 00:00:00;62.6;0.5
2022-10-12 01:00:00;52.4;12.6
2022-10-12 02:00:00;47.4;8.5
2022-10-12 03:00:00;51.1;5.9
2022-10-12 04:00:00;48.4;2.5
2022-10-12 05:00:00;49.5;4.9
2022-10-12 06:00:00;54.7;1.3
2022-10-12 07:00:00;58.0;0.9
2022-10-12 08:00:00;63.0;2.8
2022-10-12 09:00:00;61.9;8.5
2022-10-12 10:00:00;51.7;20.3
2022-10-12 11:00:00;42.6;28.5
2022-10-12 12:00:00;43.1;24.5
2022-10-12 13:00:00;41.0;29.4
2022-10-12 14:00:00;36.8;34.6
2022-10-12 15:00:00;40.1;35.4
2022-10-12 16:00:00;40.2;31.2
2022-10-12 17:00:00;49.7;21.8
2022-10-12 18:00:00;59.4;15.4
2022-10-12 19:00:00;71.4;6.8
2022-10-12 20:00:00;70.1;2.3
2022-10-12 21:00:00;62.2;4.3
2022-10-12 22:00:00;53.4;6.7
2022-10-12 23:00:00;50.3;9.4
2022-10-13 00:00:00;46.4;9.6
2022-10-13 01:00:00;36.5;12.6
2022-10-13 02:00:00;32.6;12.5
2022-10-13 03:00:00;30.1;15.7
2022-10-13 04:00:00;30.8;15.8
2022-10-13 05:00:00;34.9;13.0
2022-10-13 06:00:00;39.6;10.2
2022-10-13 07:00:00;49.0;5.7
2022-10-13 08:00:00;57.8;3.9
2022-10-13 09:00:00;54.2;6.7
2022-10-13 10:00:00;63.8;2.9
2022-10-13 11:00:00;59.7;10.7
2022-10-13 12:00:00;72.8;9.0
2022-10-13 13:00:00;63.9;18.7
2022-10-13 14:00:00;70.8;19.3
2022-10-13 15:00:00;44.1;46.0
2022-10-13 16:00:00;36.5;53.4
2022-10-13 17:00:00;54.2;37.4
2022-10-13 18:00:00;51.5;25.5
2022-10-13 19:00:00;62.6;13.4
2022-10-13 20:00:00;56.6;12.2
2022-10-13 21:00:00;68.8;7.6
2022-10-13 22:00:00;76.1;2.4
2022-10-13 23:00:00;54.6;7.7
2022-10-14 00:00:00;56.6;6.3
2022-10-14 01:00:00;53.4;3.7
2022-10-14 02:00:00;39.7;8.8
2022-10-14 03:00:00;36.4;9.9
2022-10-14 04:00:00;41.2;4.5
2022-10-14 05:00:00;37.9;1.3
2022-10-14 06:00:00;38.9;0.1
2022-10-14 07:00:00;42.8;0.0
2022-10-14 08:00:00;40.7;0.3
2022-10-14 09:00:00;39.9;0.8
2022-10-14 10:00:00;38.4;3.3
2022-10-14 11:00:00;36.8;6.5
2022-10-14 12:00:00;39.0;6.2
2022-10-14 13:00:00;42.7;9.3
2022-10-14 14:00:00;35.8;28.4
2022-10-14 15:00:00;25.1;46.9
2022-10-14 16:00:00;30.7;49.9
2022-10-14 17:00:00;40.4;41.4
2022-10-14 18:00:00;47.3;31.0
2022-10-14 19:00:00;56.9;20.9
2022-10-14 20:00:00;51.6;21.6
2022-10-14 21:00:00;65.0;9.2
2022-10-14 22:00:00;47.0;14.0
2022-10-14 23:00:00;51.5;11.9
2022-10-15 00:00:00;47.1;9.9
2022-10-15 01:00:00;41.9;11.6
2022-10-15 02:00:00;35.8;12.8
2022-10-15 03:00:00;33.5;13.8
2022-10-15 04:00:00;33.1;11.6
2022-10-15 05:00:00;33.4;12.4
2022-10-15 06:00:00;33.2;11.3
2022-10-15 07:00:00;34.6;14.7
2022-10-15 08:00:00;25.1;29.1
2022-10-15 09:00:00;24.8;28.7
2022-10-15 10:00:00;27.1;31.2
2022-10-15 11:00:00;26.3;30.1
2022-10-15 12:00:00;15.9;27.2
2022-10-15 13:00:00;20.7;21.7
2022-10-15 14:00:00;27.1;26.1
2022-10-15 15:00:00;15.6;57.6
2022-10-15 16:00:00;16.7;56.7
2022-10-15 17:00:00;28.8;45.5
2022-10-15 18:00:00;22.5;47.1
2022-10-15 19:00:00;21.5;49.8
2022-10-15 20:00:00;18.8;46.6
2022-10-15 21:00:00;24.8;40.5
2022-10-15 22:00:00;21.3;42.7
2022-10-15 23:00:00;16.8;47.1
2022-10-16 00:00:00;16.9;43.9
2022-10-16 01:00:00;17.2;40.1
2022-10-16 02:00:00;18.9;38.9
2022-10-16 03:00:00;13.7;41.1
2022-10-16 04:00:00;10.6;37.2
2022-10-16 05:00:00;14.2;34.2
2022-10-16 06:00:00;14.0;34.2
2022-10-16 07:00:00;15.0;37.2
2022-10-16 08:00:00;13.7;36.6
2022-10-16 09:00:00;15.8;38.9
2022-10-16 10:00:00;15.5;44.7
2022-10-16 11:00:00;12.2;60.2
2022-10-16 12:00:00;14.1;60.7
2022-10-16 13:00:00;11.7;61.7
2022-10-16 14:00:00;14.0;63.6
2022-10-16 15:00:00;19.4;56.3
2022-10-16 16:00:00;43.3;40.3
2022-10-16 17:00:00;48.0;25.8
2022-10-16 18:00:00;76.3;3.2
2022-10-16 19:00:00;65.3;3.9
2022-10-16 20:00:00;50.4;13.5
2022-10-16 21:00:00;32.3;29.3
2022-10-16 22:00:00;40.9;17.9
2022-10-16 23:00:00;34.5;18.4
2022-10-17 00:00:00;27.6;19.8
2022-10-17 01:00:00;27.2;17.3
2022-10-17 02:00:00;33.5;12.1
2022-10-17 03:00:00;25.6;14.1
2022-10-17 04:00:00;14.1;18.4
2022-10-17 05:00:00;17.1;18.5
2022-10-17 06:00:00;25.5;17.1
2022-10-17 07:00:00;31.0;9.3
2022-10-17 08:00:00;32.0;8.7
2022-10-17 09:00:00;34.7;5.5
2022-10-17 10:00:00;47.9;1.6
2022-10-17 11:00:00;38.2;20.6
2022-10-17 12:00:00;46.4;24.7
2022-10-17 13:00:00;57.0;15.0
2022-10-17 14:00:00;35.8;25.5
2022-10-17 15:00:00;39.8;22.0
2022-10-17 16:00:00;32.9;26.5
2022-10-17 17:00:00;37.6;22.3
2022-10-17 18:00:00;53.0;11.4
2022-10-17 19:00:00;45.2;13.4
2022-10-17 20:00:00;50.8;11.4
2022-10-17 21:00:00;59.7;3.8
2022-10-17 22:00:00;58.7;2.8
2022-10-17 23:00:00;49.7;3.8
2022-10-18 00:00:00;44.4;3.2
2022-10-18 01:00:00;36.2;12.7
2022-10-18 02:00:00;28.0;13.3
2022-10-18 03:00:00;31.5;5.5
2022-10-18 04:00:00;31.6;3.2
2022-10-18 05:00:00;34.5;0.4
2022-10-18 06:00:00;41.4;-0.3
2022-10-18 07:00:00;47.7;-0.1
2022-10-18 08:00:00;60.9;0.5
2022-10-18 09:00:00;62.5;4.2
2022-10-18 10:00:00;44.8;25.6
2022-10-18 11:00:00;38.2;33.9
2022-10-18 12:00:00;29.7;41.0
2022-10-18 13:00:00;39.1;34.4
2022-10-18 14:00:00;26.1;45.2
2022-10-18 15:00:00;21.4;48.4
2022-10-18 16:00:00;20.4;49.5
2022-10-18 17:00:00;37.1;30.8
2022-10-18 18:00:00;60.7;13.3
2022-10-18 19:00:00;38.6;25.4
2022-10-18 20:00:00;39.0;28.1
2022-10-18 21:00:00;27.2;31.0
2022-10-18 22:00:00;26.4;31.9
2022-10-18 23:00:00;29.9;31.1
2022-10-19 00:00:00;21.7;39.6
2022-10-19 01:00:00;21.2;35.9
2022-10-19 02:00:00;13.9;41.3
2022-10-19 03:00:00;19.0;38.2
2022-10-19 04:00:00;16.5;39.4
2022-10-19 05:00:00;31.8;23.0
2022-10-19 06:00:00;55.7;7.8
2022-10-19 07:00:00;65.5;5.7
2022-10-19 08:00:00;43.1;26.3
2022-10-19 09:00:00;27.8;39.5
2022-10-19 10:00:00;25.5;43.8
2022-10-19 11:00:00;24.6;50.8
2022-10-19 12:00:00;18.7;53.2
2022-10-19 13:00:00;20.3;51.4
2022-10-19 14:00:00;26.6;47.0
2022-10-19 15:00:00;28.3;40.4
2022-10-19 16:00:00;28.6;40.5
2022-10-19 17:00:00;32.8;31.0
2022-10-19 18:00:00;27.1;30.4
2022-10-19 19:00:00;22.0;33.5
2022-10-19 20:00:00;23.9;33.4
2022-10-19 21:00:00;19.5;34.3
2022-10-19 22:00:00;19.6;31.3
2022-10-19 23:00:00;18.7;29.9
2022-10-20 00:00:00;15.3;32.1
2022-10-20 01:00:00;15.2;30.9
2022-10-20 02:00:00;10.4;32.8
2022-10-20 03:00:00;11.6;30.9
2022-10-20 04:00:00;13.7;26.6
2022-10-20 05:00:00;30.1;15.7
2022-10-20 06:00:00;41.1;2.8
2022-10-20 07:00:00;50.3;1.0
2022-10-20 08:00:00;49.4;0.7
2022-10-20 09:00:00;41.2;4.4
2022-10-20 10:00:00;37.9;7.9
2022-10-20 11:00:00;36.3;6.9
2022-10-20 12:00:00;37.8;5.4
2022-10-20 13:00:00;39.3;4.3
2022-10-20 14:00:00;40.3;4.9
2022-10-20 15:00:00;33.4;4.8
2022-10-20 16:00:00;39.7;3.1
2022-10-20 17:00:00;40.3;1.9
2022-10-20 18:00:00;34.1;2.7
2022-10-20 19:00:00;34.5;3.3
2022-10-20 20:00:00;29.9;4.2
2022-10-20 21:00:00;32.9;2.3
2022-10-20 22:00:00;37.8;2.5
2022-10-20 23:00:00;32.1;3.9
2022-10-21 00:00:00;34.4;3.8
2022-10-21 01:00:00;29.1;4.9
2022-10-21 02:00:00;26.5;5.5
2022-10-21 03:00:00;28.8;7.3
2022-10-21 04:00:00;27.2;10.9
2022-10-21 05:00:00;39.9;2.6
2022-10-21 06:00:00;38.8;3.4
2022-10-21 07:00:00;41.1;1.9
2022-10-21 08:00:00;45.0;3.1
2022-10-21 09:00:00;42.5;6.1
2022-10-21 10:00:00;45.0;8.7
2022-10-21 11:00:00;32.8;15.6
2022-10-21 12:00:00;33.4;19.3
2022-10-21 13:00:00;34.3;18.0
2022-10-21 14:00:00;38.5;24.4
2022-10-21 15:00:00;38.2;30.4
2022-10-21 16:00:00;48.0;24.7
2022-10-21 17:00:00;50.4;17.4
2022-10-21 18:00:00;69.7;4.8
2022-10-21 19:00:00;54.8;9.2
2022-10-21 20:00:00;41.9;20.0
2022-10-21 21:00:00;46.5;20.1
2022-10-21 22:00:00;40.0;14.6
2022-10-21 23:00:00;35.7;16.8
2022-10-22 00:00:00;30.3;19.3
2022-10-22 01:00:00;28.4;21.9
2022-10-22 02:00:00;24.6;25.1
2022-10-22 03:00:00;17.8;28.5
2022-10-22 04:00:00;19.1;26.2
2022-10-22 05:00:00;22.6;21.2
2022-10-22 06:00:00;21.7;18.6
2022-10-22 07:00:00;21.5;20.0
2022-10-22 08:00:00;21.8;22.5
2022-10-22 09:00:00;23.7;22.9
2022-10-22 10:00:00;33.5;28.8
2022-10-22 11:00:00;22.4;45.1
2022-10-22 12:00:00;17.7;55.2
2022-10-22 13:00:00;19.8;55.8
2022-10-22 14:00:00;21.0;60.4
2022-10-22 15:00:00;19.9;62.1
2022-10-22 16:00:00;24.2;54.5
2022-10-22 17:00:00;39.4;38.7
2022-10-22 18:00:00;60.7;17.6
2022-10-22 19:00:00;60.6;12.3
2022-10-22 20:00:00;51.6;15.5
2022-10-22 21:00:00;61.5;6.1
2022-10-22 22:00:00;75.0;0.4
2022-10-22 23:00:00;70.1;1.6
2022-10-23 00:00:00;62.7;0.4
2022-10-23 01:00:00;49.4;3.2
2022-10-23 02:00:00;47.2;5.8
2022-10-23 03:00:00;41.4;5.4
2022-10-23 04:00:00;40.5;5.8
2022-10-23 05:00:00;44.7;0.5
2022-10-23 06:00:00;45.2;0.5
2022-10-23 07:00:00;43.6;0.8
2022-10-23 08:00:00;42.8;0.8
2022-10-23 09:00:00;42.7;2.9
2022-10-23 10:00:00;45.8;2.5
2022-10-23 11:00:00;46.6;2.2
2022-10-23 12:00:00;49.3;2.5
2022-10-23 13:00:00;34.1;17.0
2022-10-23 14:00:00;24.5;28.3
2022-10-23 15:00:00;25.1;26.8
2022-10-23 16:00:00;24.9;26.8
2022-10-23 17:00:00;23.7;27.2
2022-10-23 18:00:00;17.5;30.1
2022-10-23 19:00:00;19.1;30.2
2022-10-23 20:00:00;25.3;28.8
2022-10-23 21:00:00;29.1;26.3
2022-10-23 22:00:00;18.7;32.8
2022-10-23 23:00:00;12.6;41.0
2022-10-24 00:00:00;12.0;43.1
2022-10-24 01:00:00;8.8;39.6
2022-10-24 02:00:00;6.4;36.9
2022-10-24 03:00:00;8.6;42.3
2022-10-24 04:00:00;8.9;50.1
2022-10-24 05:00:00;9.4;61.4
2022-10-24 06:00:00;12.3;64.5
2022-10-24 07:00:00;14.6;61.0
2022-10-24 08:00:00;20.3;61.0
2022-10-24 09:00:00;20.3;61.0
2022-10-24 10:00:00;22.3;61.0
2022-10-24 11:00:00;20.4;61.3
2022-10-24 12:00:00;26.7;58.7
2022-10-24 13:00:00;26.4;55.8
2022-10-24 14:00:00;28.4;57.2
2022-10-24 15:00:00;31.4;55.6
2022-10-24 16:00:00;26.5;63.1
2022-10-24 17:00:00;24.4;68.4
2022-10-24 18:00:00;34.3;57.1
2022-10-24 19:00:00;33.3;47.6
2022-10-24 20:00:00;33.6;34.5
2022-10-24 21:00:00;39.7;22.9
2022-10-24 22:00:00;37.4;31.6
2022-10-24 23:00:00;17.8;40.6
2022-10-25 00:00:00;16.1;45.1
2022-10-25 01:00:00;11.1;51.2
2022-10-25 02:00:00;9.6;53.2
2022-10-25 03:00:00;12.0;53.0
2022-10-25 04:00:00;14.0;50.8
2022-10-25 05:00:00;22.8;41.7
2022-10-25 06:00:00;45.0;22.3
2022-10-25 07:00:00;46.6;15.7
2022-10-25 08:00:00;45.4;15.0
2022-10-25 09:00:00;44.5;18.6
2022-10-25 10:00:00;43.0;23.5
2022-10-25 11:00:00;37.9;25.7
2022-10-25 12:00:00;35.9;31.2
2022-10-25 13:00:00;26.8;37.7
2022-10-25 14:00:00;32.7;36.6
2022-10-25 15:00:00;29.1;38.3
2022-10-25 16:00:00;37.2;25.5
2022-10-25 17:00:00;42.9;21.6
2022-10-25 18:00:00;40.8;18.1
2022-10-25 19:00:00;40.0;13.1
2022-10-25 20:00:00;35.0;18.1
2022-10-25 21:00:00;33.0;20.0
2022-10-25 22:00:00;31.8;20.0
2022-10-25 23:00:00;36.5;15.1
2022-10-26 00:00:00;22.7;21.5
2022-10-26 01:00:00;21.3;22.4
2022-10-26 02:00:00;26.1;18.8
2022-10-26 03:00:00;24.0;20.9
2022-10-26 04:00:00;29.8;13.8
2022-10-26 05:00:00;25.3;21.2
2022-10-26 06:00:00;32.4;18.6
2022-10-26 07:00:00;39.8;11.4
2022-10-26 08:00:00;37.2;12.0
2022-10-26 09:00:00;36.8;16.6
2022-10-26 10:00:00;27.1;19.0
2022-10-26 11:00:00;38.9;17.3
2022-10-26 12:00:00;34.3;23.8
2022-10-26 13:00:00;31.9;31.6
2022-10-26 14:00:00;30.2;41.4
2022-10-26 15:00:00;27.7;39.3
2022-10-26 16:00:00;27.4;38.1
2022-10-26 17:00:00;33.7;36.1
2022-10-26 18:00:00;30.6;41.9
2022-10-26 19:00:00;41.1;35.9
2022-10-26 20:00:00;33.9;35.2
2022-10-26 21:00:00;33.9;32.8
2022-10-26 22:00:00;34.1;25.4
2022-10-26 23:00:00;33.1;17.8
2022-10-27 00:00:00;34.2;14.3
2022-10-27 01:00:00;32.4;13.6
2022-10-27 02:00:00;21.2;18.0
2022-10-27 03:00:00;18.0;20.5
2022-10-27 04:00:00;19.2;21.3
2022-10-27 05:00:00;23.0;19.3
2022-10-27 06:00:00;33.3;14.6
2022-10-27 07:00:00;48.2;9.5
2022-10-27 08:00:00;47.7;10.0
2022-10-27 09:00:00;39.6;22.2
2022-10-27 10:00:00;31.4;29.5
2022-10-27 11:00:00;35.2;26.1
2022-10-27 12:00:00;37.0;29.7
2022-10-27 13:00:00;45.4;21.4
2022-10-27 14:00:00;37.9;25.6
2022-10-27 15:00:00;32.7;30.3
2022-10-27 16:00:00;32.7;23.8
2022-10-27 17:00:00;48.6;11.9
2022-10-27 18:00:00;46.9;10.8
2022-10-27 19:00:00;40.3;12.1
2022-10-27 20:00:00;40.1;13.9
2022-10-27 21:00:00;32.2;16.7
2022-10-27 22:00:00;32.1;16.4
2022-10-27 23:00:00;29.1;15.7
2022-10-28 00:00:00;24.4;17.7
2022-10-28 01:00:00;29.9;11.8
2022-10-28 02:00:00;24.1;15.1
2022-10-28 03:00:00;22.3;15.6
2022-10-28 04:00:00;21.5;16.1
2022-10-28 05:00:00;21.2;13.2
2022-10-28 06:00:00;33.9;6.9
2022-10-28 07:00:00;36.7;1.6
2022-10-28 08:00:00;40.8;3.3
2022-10-28 09:00:00;35.7;6.9
2022-10-28 10:00:00;31.6;9.9
2022-10-28 11:00:00;29.4;16.4
2022-10-28 12:00:00;33.0;15.7
2022-10-28 13:00:00;34.7;15.2
2022-10-28 14:00:00;33.6;22.6
2022-10-28 15:00:00;25.4;33.1
2022-10-28 16:00:00;25.1;35.3
2022-10-28 17:00:00;19.7;44.0
2022-10-28 18:00:00;22.3;53.3
2022-10-28 19:00:00;19.6;57.4
2022-10-28 20:00:00;26.0;52.5
2022-10-28 21:00:00;29.8;43.8
2022-10-28 22:00:00;44.0;28.3
2022-10-28 23:00:00;53.3;18.5
2022-10-29 00:00:00;45.7;18.1
2022-10-29 01:00:00;48.1;11.3
2022-10-29 02:00:00;39.1;13.3
2022-10-29 03:00:00;31.3;11.2
2022-10-29 04:00:00;32.1;7.7
2022-10-29 05:00:00;25.9;12.2
2022-10-29 06:00:00;36.0;4.2
2022-10-29 07:00:00;45.8;-0.4
2022-10-29 08:00:00;46.9;0.8
2022-10-29 09:00:00;41.5;6.9
2022-10-29 10:00:00;43.9;5.9
2022-10-29 11:00:00;40.3;13.5
2022-10-29 12:00:00;37.1;21.2
2022-10-29 13:00:00;28.5;23.8
2022-10-29 14:00:00;33.7;23.3
2022-10-29 15:00:00;43.0;16.9
2022-10-29 16:00:00;49.3;8.7
2022-10-29 17:00:00;55.4;3.3
2022-10-29 18:00:00;57.1;5.8
2022-10-29 19:00:00;39.2;14.2
2022-10-29 20:00:00;31.3;16.2
2022-10-29 21:00:00;38.5;13.5
2022-10-29 22:00:00;31.8;13.5
2022-10-29 23:00:00;33.9;8.9
2022-10-30 00:00:00;39.6;6.6
2022-10-30 01:00:00;35.7;5.8
2022-10-30 02:00:00;34.6;4.4
2022-10-30 03:00:00;33.8;2.5
2022-10-30 04:00:00;35.0;1.2
2022-10-30 05:00:00;36.5;-0.6
2022-10-30 06:00:00;25.5;3.9
2022-10-30 07:00:00;25.1;5.1
2022-10-30 08:00:00;26.8;6.2
2022-10-30 09:00:00;32.4;6.3
2022-10-30 10:00:00;31.4;12.0
2022-10-30 11:00:00;34.0;17.9
2022-10-30 12:00:00;37.1;25.2
2022-10-30 13:00:00;39.9;25.2
2022-10-30 14:00:00;51.5;16.8
2022-10-30 15:00:00;49.4;15.9
2022-10-30 16:00:00;30.2;29.1
2022-10-30 17:00:00;34.5;22.0
2022-10-30 18:00:00;52.2;10.0
2022-10-30 19:00:00;40.7;10.0
2022-10-30 20:00:00;35.4;32.1
2022-10-30 21:00:00;33.8;39.4
2022-10-30 22:00:00;42.6;28.7
2022-10-30 23:00:00;59.2;12.3
2022-10-31 00:00:00;32.3;26.5
2022-10-31 01:00:00;29.5;26.0
2022-10-31 02:00:00;26.4;24.4
2022-10-31 03:00:00;25.6;21.7
2022-10-31 04:00:00;23.9;17.3
2022-10-31 05:00:00;22.2;16.6
2022-10-31 06:00:00;30.9;9.3
2022-10-31 07:00:00;51.5;0.5
2022-10-31 08:00:00;50.6;0.5
2022-10-31 09:00:00;49.6;6.2
2022-10-31 10:00:00;44.9;16.3
2022-10-31 11:00:00;44.3;14.0
2022-10-31 12:00:00;42.6;24.5
2022-10-31 13:00:00;35.3;28.7
2022-10-31 14:00:00;46.9;18.5
2022-10-31 15:00:00;49.1;12.5
2022-10-31 16:00:00;39.2;13.5
2022-10-31 17:00:00;32.5;14.1
2022-10-31 18:00:00;39.2;9.5
2022-10-31 19:00:00;45.2;9.5
2022-10-31 20:00:00;42.8;3.2
2022-10-31 21:00:00;37.8;8.2
2022-10-31 22:00:00;34.1;14.4
2022-10-31 23:00:00;28.4;22.7
2022-11-01 00:00:00;17.7;31.1
2022-11-01 01:00:00;14.0;39.4
2022-11-01 02:00:00;9.1;44.3
2022-11-01 03:00:00;5.6;46.3
2022-11-01 04:00:00;3.9;60.7
2022-11-01 05:00:00;4.7;68.2
2022-11-01 06:00:00;9.1;65.8
2022-11-01 07:00:00;17.0;58.8
2022-11-01 08:00:00;20.6;52.8
2022-11-01 09:00:00;23.9;48.4
2022-11-01 10:00:00;24.4;47.4
2022-11-01 11:00:00;18.5;49.4
2022-11-01 12:00:00;17.0;51.7
2022-11-01 13:00:00;16.9;53.2
2022-11-01 14:00:00;14.7;53.7
2022-11-01 15:00:00;16.2;52.9
2022-11-01 16:00:00;15.0;53.7
2022-11-01 17:00:00;16.5;49.6
2022-11-01 18:00:00;19.2;47.6
2022-11-01 19:00:00;16.1;51.5
2022-11-01 20:00:00;13.6;57.1
2022-11-01 21:00:00;11.4;49.7
2022-11-01 22:00:00;9.9;51.4
2022-11-01 23:00:00;9.4;57.0
2022-11-02 00:00:00;9.7;55.9
2022-11-02 01:00:00;9.1;55.4
2022-11-02 02:00:00;4.7;66.5
2022-11-02 03:00:00;6.3;63.1
2022-11-02 04:00:00;6.5;59.7
2022-11-02 05:00:00;5.6;60.5
2022-11-02 06:00:00;10.8;60.5
2022-11-02 07:00:00;13.5;56.6
2022-11-02 08:00:00;13.9;53.8
2022-11-02 09:00:00;19.2;49.4
2022-11-02 10:00:00;16.2;52.4
2022-11-02 11:00:00;12.5;58.3
2022-11-02 12:00:00;14.5;58.3
2022-11-02 13:00:00;17.0;56.6
2022-11-02 14:00:00;28.4;45.7
2022-11-02 15:00:00;24.2;43.6
2022-11-02 16:00:00;27.3;39.8
2022-11-02 17:00:00;26.0;37.1
2022-11-02 18:00:00;24.5;37.5
2022-11-02 19:00:00;21.4;37.8
2022-11-02 20:00:00;21.1;37.4
2022-11-02 21:00:00;19.9;37.1
2022-11-02 22:00:00;16.0;38.1
2022-11-02 23:00:00;13.9;38.2
2022-11-03 00:00:00;12.2;39.6
2022-11-03 01:00:00;9.9;41.7
2022-11-03 02:00:00;8.9;41.5
2022-11-03 03:00:00;9.1;41.9
2022-11-03 04:00:00;7.3;44.7
2022-11-03 05:00:00;8.5;42.7
2022-11-03 06:00:00;13.3;42.7
2022-11-03 07:00:00;22.1;32.4
2022-11-03 08:00:00;26.6;31.2
2022-11-03 09:00:00;22.2;33.9
2022-11-03 10:00:00;21.6;37.0
2022-11-03 11:00:00;18.8;40.1
2022-11-03 12:00:00;20.3;38.3
2022-11-03 13:00:00;20.0;38.3
2022-11-03 14:00:00;24.1;37.4
2022-11-03 15:00:00;36.4;31.8
2022-11-03 16:00:00;29.1;33.7
2022-11-03 17:00:00;25.9;34.3
2022-11-03 18:00:00;24.6;33.3
2022-11-03 19:00:00;28.0;30.0
2022-11-03 20:00:00;21.6;28.0
2022-11-03 21:00:00;19.9;31.4
2022-11-03 22:00:00;9.9;63.6
2022-11-03 23:00:00;27.0;50.8
2022-11-04 00:00:00;19.7;53.8
2022-11-04 01:00:00;12.8;58.8
2022-11-04 02:00:00;8.0;65.8
2022-11-04 03:00:00;11.4;65.9
2022-11-04 04:00:00;17.0;54.6
2022-11-04 05:00:00;13.2;57.9
2022-11-04 06:00:00;28.1;42.0
2022-11-04 07:00:00;42.6;19.6
2022-11-04 08:00:00;52.7;5.5
2022-11-04 09:00:00;56.1;5.5
2022-11-04 10:00:00;54.5;8.4
2022-11-04 11:00:00;55.9;12.4
2022-11-04 12:00:00;54.4;16.3
2022-11-04 13:00:00;54.0;18.6
2022-11-04 14:00:00;57.0;10.5
2022-11-04 15:00:00;59.8;7.8
2022-11-04 16:00:00;60.5;4.3
2022-11-04 17:00:00;58.0;13.9
2022-11-04 18:00:00;56.9;16.6
2022-11-04 19:00:00;69.8;4.1
2022-11-04 20:00:00;66.8;0.0
2022-11-04 21:00:00;61.1;-0.7
2022-11-04 22:00:00;51.9;9.6
2022-11-04 23:00:00;38.0;18.1
2022-11-05 00:00:00;49.2;10.9
2022-11-05 01:00:00;49.4;7.3
2022-11-05 02:00:00;51.5;6.0
2022-11-05 03:00:00;34.2;14.5
2022-11-05 04:00:00;36.1;17.3
2022-11-05 05:00:00;22.5;31.0
2022-11-05 06:00:00;21.5;31.2
2022-11-05 07:00:00;28.3;24.2
2022-11-05 08:00:00;42.3;11.8
2022-11-05 09:00:00;45.6;11.3
2022-11-05 10:00:00;43.9;12.7
2022-11-05 11:00:00;42.5;14.0
2022-11-05 12:00:00;29.7;26.6
2022-11-05 13:00:00;25.4;26.6
2022-11-05 14:00:00;25.7;36.7
2022-11-05 15:00:00;32.1;27.2
2022-11-05 16:00:00;32.2;26.5
2022-11-05 17:00:00;34.4;21.7
2022-11-05 18:00:00;31.1;22.2
2022-11-05 19:00:00;26.7;23.2
2022-11-05 20:00:00;24.2;25.0
2022-11-05 21:00:00;19.6;29.8
2022-11-05 22:00:00;16.9;31.4
2022-11-05 23:00:00;20.9;28.2
2022-11-06 00:00:00;16.7;29.6
2022-11-06 01:00:00;17.1;28.0
2022-11-06 02:00:00;17.0;26.4
2022-11-06 03:00:00;11.0;30.1
2022-11-06 04:00:00;12.1;31.1
2022-11-06 05:00:00;9.1;33.3
2022-11-06 06:00:00;11.5;31.8
2022-11-06 07:00:00;11.1;31.3
2022-11-06 08:00:00;9.8;33.1
2022-11-06 09:00:00;11.9;33.7
2022-11-06 10:00:00;12.3;33.7
2022-11-06 11:00:00;16.6;34.4
2022-11-06 12:00:00;18.4;36.1
2022-11-06 13:00:00;14.9;35.8
2022-11-06 14:00:00;17.3;35.7
2022-11-06 15:00:00;13.6;40.4
2022-11-06 16:00:00;17.4;40.1
2022-11-06 17:00:00;14.8;44.2
2022-11-06 18:00:00;15.8;42.3
2022-11-06 19:00:00;14.4;38.5
2022-11-06 20:00:00;15.9;36.6
2022-11-06 21:00:00;15.5;36.4
2022-11-06 22:00:00;16.9;37.7
2022-11-06 23:00:00;13.0;39.3
2022-11-07 00:00:00;11.6;44.6
2022-11-07 01:00:00;8.3;47.6
2022-11-07 02:00:00;7.3;48.7
2022-11-07 03:00:00;7.8;49.8
2022-11-07 04:00:00;6.4;48.5
2022-11-07 05:00:00;10.5;45.2
2022-11-07 06:00:00;14.2;45.2
2022-11-07 07:00:00;24.5;37.9
2022-11-07 08:00:00;30.8;33.5
2022-11-07 09:00:00;29.2;37.0
2022-11-07 10:00:00;29.2;37.0
2022-11-07 11:00:00;28.4;40.7
2022-11-07 12:00:00;25.9;40.7
2022-11-07 13:00:00;26.7;36.1
2022-11-07 14:00:00;27.6;36.6
2022-11-07 15:00:00;33.5;34.9
2022-11-07 16:00:00;30.9;38.7
2022-11-07 17:00:00;28.0;38.4
2022-11-07 18:00:00;30.4;34.5
2022-11-07 19:00:00;21.1;40.9
2022-11-07 20:00:00;24.6;41.0
2022-11-07 21:00:00;18.2;40.3
2022-11-07 22:00:00;15.2;44.8
2022-11-07 23:00:00;13.3;44.3
2022-11-08 00:00:00;12.4;43.7
2022-11-08 01:00:00;9.5;47.1
2022-11-08 02:00:00;9.2;45.8
2022-11-08 03:00:00;6.9;43.8
2022-11-08 04:00:00;5.6;44.4
2022-11-08 05:00:00;6.2;44.3
2022-11-08 06:00:00;13.4;41.8
2022-11-08 07:00:00;16.3;38.3
2022-11-08 08:00:00;22.6;34.9
2022-11-08 09:00:00;26.4;29.4
2022-11-08 10:00:00;24.3;31.1
2022-11-08 11:00:00;23.7;32.2
2022-11-08 12:00:00;22.8;33.6
2022-11-08 13:00:00;20.1;38.1
2022-11-08 14:00:00;24.1;40.0
2022-11-08 15:00:00;23.5;35.4
2022-11-08 16:00:00;24.7;32.5
2022-11-08 17:00:00;24.6;30.1
2022-11-08 18:00:00;28.4;27.5
2022-11-08 19:00:00;22.5;25.8
2022-11-08 20:00:00;20.7;28.5
2022-11-08 21:00:00;15.3;57.1
2022-11-08 22:00:00;19.8;53.8
2022-11-08 23:00:00;22.6;42.6
2022-11-09 00:00:00;15.9;42.1
2022-11-09 01:00:00;12.0;49.1
2022-11-09 02:00:00;7.4;53.3
2022-11-09 03:00:00;7.9;54.7
2022-11-09 04:00:00;9.4;49.7
2022-11-09 05:00:00;9.0;51.7
2022-11-09 06:00:00;18.5;51.7
2022-11-09 07:00:00;21.5;41.3
2022-11-09 08:00:00;29.6;35.3
2022-11-09 09:00:00;32.9;35.3
2022-11-09 10:00:00;22.5;39.5
2022-11-09 11:00:00;26.6;41.0
2022-11-09 12:00:00;20.2;47.6
2022-11-09 13:00:00;21.5;51.1
2022-11-09 14:00:00;27.8;44.1
2022-11-09 15:00:00;22.7;49.7
2022-11-09 16:00:00;29.0;49.1
2022-11-09 17:00:00;29.4;46.4
2022-11-09 18:00:00;24.7;47.4
2022-11-09 19:00:00;24.2;45.7
2022-11-09 20:00:00;21.6;47.3
2022-11-09 21:00:00;23.6;47.1
2022-11-09 22:00:00;33.6;33.0
2022-11-09 23:00:00;34.6;24.4
2022-11-10 00:00:00;25.9;31.3
2022-11-10 01:00:00;19.8;35.5
2022-11-10 02:00:00;19.4;33.9
2022-11-10 03:00:00;21.7;28.2
2022-11-10 04:00:00;18.7;32.0
2022-11-10 05:00:00;19.7;28.8
2022-11-10 06:00:00;29.3;22.0
2022-11-10 07:00:00;40.2;14.8
2022-11-10 08:00:00;43.3;12.3
2022-11-10 09:00:00;42.2;17.6
2022-11-10 10:00:00;41.3;21.8
2022-11-10 11:00:00;37.4;25.1
2022-11-10 12:00:00;34.1;32.0
2022-11-10 13:00:00;39.1;29.5
2022-11-10 14:00:00;36.6;32.7
2022-11-10 15:00:00;36.7;29.5
2022-11-10 16:00:00;35.9;32.8
2022-11-10 17:00:00;31.5;35.8
2022-11-10 18:00:00;30.8;35.0
2022-11-10 19:00:00;31.0;28.9
2022-11-10 20:00:00;28.8;26.4
2022-11-10 21:00:00;26.8;28.5
2022-11-10 22:00:00;31.4;23.4
2022-11-10 23:00:00;28.4;21.0
2022-11-11 00:00:00;26.1;24.6
2022-11-11 01:00:00;19.5;34.4
2022-11-11 02:00:00;19.4;28.7
2022-11-11 03:00:00;19.5;27.4
2022-11-11 04:00:00;16.6;32.0
2022-11-11 05:00:00;15.6;33.2
2022-11-11 06:00:00;21.7;32.7
2022-11-11 07:00:00;26.1;24.7
2022-11-11 08:00:00;30.1;24.8
2022-11-11 09:00:00;28.1;25.9
2022-11-11 10:00:00;40.0;24.1
2022-11-11 11:00:00;29.0;27.5
2022-11-11 12:00:00;29.2;32.2
2022-11-11 13:00:00;26.4;34.5
2022-11-11 14:00:00;34.8;28.6
2022-11-11 15:00:00;43.4;20.0
2022-11-11 16:00:00;52.1;9.3
2022-11-11 17:00:00;54.1;8.9
2022-11-11 18:00:00;48.8;9.7
2022-11-11 19:00:00;48.4;6.9
2022-11-11 20:00:00;48.2;6.9
2022-11-11 21:00:00;50.4;3.7
2022-11-11 22:00:00;50.3;2.0
2022-11-11 23:00:00;48.0;0.7
2022-11-12 00:00:00;51.5;0.3
2022-11-12 01:00:00;47.7;0.4
2022-11-12 02:00:00;42.9;0.7
2022-11-12 03:00:00;38.1;4.6
2022-11-12 04:00:00;32.8;6.3
2022-11-12 05:00:00;25.1;10.5
2022-11-12 06:00:00;24.6;11.5
2022-11-12 07:00:00;24.8;7.8
2022-11-12 08:00:00;29.6;2.8
2022-11-12 09:00:00;28.6;6.2
2022-11-12 10:00:00;37.0;10.2
2022-11-12 11:00:00;33.8;10.8
2022-11-12 12:00:00;33.1;24.3
2022-11-12 13:00:00;33.5;30.5
2022-11-12 14:00:00;55.3;21.2
2022-11-12 15:00:00;62.8;8.5
2022-11-12 16:00:00;52.5;7.8
2022-11-12 17:00:00;58.1;0.8
2022-11-12 18:00:00;67.5;0.7
2022-11-12 19:00:00;66.9;0.6
2022-11-12 20:00:00;56.6;0.6
2022-11-12 21:00:00;52.8;0.7
2022-11-12 22:00:00;53.8;0.5
2022-11-12 23:00:00;51.0;0.6
2022-11-13 00:00:00;49.7;0.7
2022-11-13 01:00:00;49.4;0.2
2022-11-13 02:00:00;44.2;0.1
2022-11-13 03:00:00;41.3;-0.2
2022-11-13 04:00:00;43.0;-0.1
2022-11-13 05:00:00;40.8;-0.1
2022-11-13 06:00:00;37.2;-0.1
2022-11-13 07:00:00;37.0;0.0
2022-11-13 08:00:00;37.5;2.0
2022-11-13 09:00:00;31.8;7.1
2022-11-13 10:00:00;40.6;9.4
2022-11-13 11:00:00;46.7;9.4
2022-11-13 12:00:00;55.9;14.5
2022-11-13 13:00:00;41.8;22.4
2022-11-13 14:00:00;40.8;22.1
2022-11-13 15:00:00;36.5;18.6
2022-11-13 16:00:00;32.8;12.0
2022-11-13 17:00:00;36.5;9.7
2022-11-13 18:00:00;32.8;6.4
2022-11-13 19:00:00;33.3;4.9
2022-11-13 20:00:00;37.0;3.3
2022-11-13 21:00:00;36.6;2.2
2022-11-13 22:00:00;32.6;1.3
2022-11-13 23:00:00;28.3;4.5
2022-11-14 00:00:00;24.0;6.8
2022-11-14 01:00:00;20.2;8.8
2022-11-14 02:00:00;18.8;12.0
2022-11-14 03:00:00;14.0;14.4
2022-11-14 04:00:00;12.1;15.0
2022-11-14 05:00:00;16.2;12.8
2022-11-14 06:00:00;21.9;9.0
2022-11-14 07:00:00;30.2;4.1
2022-11-14 08:00:00;37.2;4.1
2022-11-14 09:00:00;39.8;5.0
2022-11-14 10:00:00;38.0;6.7
2022-11-14 11:00:00;37.3;8.4
2022-11-14 12:00:00;36.6;9.5
2022-11-14 13:00:00;41.1;10.5
2022-11-14 14:00:00;42.8;10.4
2022-11-14 15:00:00;35.8;8.9
2022-11-14 16:00:00;37.8;6.4
2022-11-14 17:00:00;45.2;1.3
2022-11-14 18:00:00;38.6;1.2
2022-11-14 19:00:00;40.6;1.4
2022-11-14 20:00:00;37.5;0.6
2022-11-14 21:00:00;34.0;1.4
2022-11-14 22:00:00;27.6;6.0
2022-11-14 23:00:00;28.2;9.0
2022-11-15 00:00:00;29.1;5.6
2022-11-15 01:00:00;23.0;4.9
2022-11-15 02:00:00;21.4;4.2
2022-11-15 03:00:00;19.6;4.4
2022-11-15 04:00:00;17.8;5.9
2022-11-15 05:00:00;17.3;10.3
2022-11-15 06:00:00;25.3;13.1
2022-11-15 07:00:00;33.6;11.9
2022-11-15 08:00:00;38.0;9.5
2022-11-15 09:00:00;35.8;14.1
2022-11-15 10:00:00;32.6;25.1
2022-11-15 11:00:00;24.5;39.8
2022-11-15 12:00:00;21.4;47.2
2022-11-15 13:00:00;19.7;51.1
2022-11-15 14:00:00;26.0;47.5
2022-11-15 15:00:00;28.8;43.0
2022-11-15 16:00:00;34.7;37.0
2022-11-15 17:00:00;26.5;41.3
2022-11-15 18:00:00;27.2;38.8
2022-11-15 19:00:00;27.1;35.7
2022-11-15 20:00:00;24.7;35.0
2022-11-15 21:00:00;18.7;35.4
2022-11-15 22:00:00;18.9;33.8
2022-11-15 23:00:00;18.7;32.1
2022-11-16 00:00:00;10.5;32.8
2022-11-16 01:00:00;12.0;29.5
2022-11-16 02:00:00;12.2;28.2
2022-11-16 03:00:00;10.4;30.8
2022-11-16 04:00:00;17.8;30.0
2022-11-16 05:00:00;18.2;28.8
2022-11-16 06:00:00;27.2;21.9
2022-11-16 07:00:00;32.9;19.3
2022-11-16 08:00:00;40.9;20.3
2022-11-16 09:00:00;37.9;24.6
2022-11-16 10:00:00;35.1;27.3
2022-11-16 11:00:00;28.5;33.6
2022-11-16 12:00:00;26.8;39.6
2022-11-16 13:00:00;28.7;42.0
2022-11-16 14:00:00;23.3;47.4
2022-11-16 15:00:00;29.6;43.7
2022-11-16 16:00:00;35.8;33.5
2022-11-16 17:00:00;57.3;15.0
2022-11-16 18:00:00;56.2;11.3
2022-11-16 19:00:00;54.7;11.8
2022-11-16 20:00:00;35.1;22.9
2022-11-16 21:00:00;33.6;24.2
2022-11-16 22:00:00;29.5;26.7
2022-11-16 23:00:00;27.4;28.7
2022-11-17 00:00:00;25.9;29.1
2022-11-17 01:00:00;15.5;41.5
2022-11-17 02:00:00;10.4;46.2
2022-11-17 03:00:00;8.4;48.9
2022-11-17 04:00:00;6.4;51.8
2022-11-17 05:00:00;6.5;49.9
2022-11-17 06:00:00;25.8;40.7
2022-11-17 07:00:00;22.1;35.3
2022-11-17 08:00:00;25.1;40.0
2022-11-17 09:00:00;22.8;46.7
2022-11-17 10:00:00;20.1;49.0
2022-11-17 11:00:00;25.6;45.5
2022-11-17 12:00:00;27.1;46.5
2022-11-17 13:00:00;24.3;46.8
2022-11-17 14:00:00;29.8;47.2
2022-11-17 15:00:00;32.5;44.5
2022-11-17 16:00:00;30.4;48.3
2022-11-17 17:00:00;25.8;47.3
2022-11-17 18:00:00;24.1;46.5
2022-11-17 19:00:00;22.5;49.6
2022-11-17 20:00:00;19.4;47.8
2022-11-17 21:00:00;20.4;45.0
2022-11-17 22:00:00;20.6;44.7
2022-11-17 23:00:00;18.8;43.3
2022-11-18 00:00:00;17.1;42.3
2022-11-18 01:00:00;15.5;40.8
2022-11-18 02:00:00;13.7;40.3
2022-11-18 03:00:00;11.9;40.1
2022-11-18 04:00:00;13.6;35.8
2022-11-18 05:00:00;14.4;32.8
2022-11-18 06:00:00;20.0;27.1
2022-11-18 07:00:00;26.9;22.0
2022-11-18 08:00:00;34.6;18.7
2022-11-18 09:00:00;38.2;17.7
2022-11-18 10:00:00;36.9;19.9
2022-11-18 11:00:00;37.1;18.7
2022-11-18 12:00:00;37.0;17.9
2022-11-18 13:00:00;39.8;17.7
2022-11-18 14:00:00;45.6;13.8
2022-11-18 15:00:00;53.7;10.5
2022-11-18 16:00:00;50.6;12.0
2022-11-18 17:00:00;52.1;11.6
2022-11-18 18:00:00;53.4;10.6
2022-11-18 19:00:00;33.7;5.5
2022-11-18 20:00:00;21.5;-0.9
2022-11-18 21:00:00;19.7;1.2
2022-11-18 22:00:00;17.9;3.5
2022-11-18 23:00:00;16.0;6.5
